workload,power_limit_w,batch_size,precision,runtime_s,energy_j,avg_power_w,throughput_sps,avg_gpu_util,avg_mem_util,avg_sm_clock_mhz,avg_mem_clock_mhz,source
resnet18,300.0,8,fp16,3.760078262537718,483.7843330736689,128.66336796595226,2178.678056150653,46.12,11.76,1530.0,877.0,stage3_v100_baseline
resnet18,300.0,128,fp16,0.9780861921608448,248.05870241143316,253.616403543544,8375.53997352908,98.6842105263158,63.94736842105263,1530.0,877.0,stage3_v100_baseline
resnet18,300.0,128,fp32,1.883931536227465,506.77594482376986,268.9991303179619,4348.353346430155,96.16216216216216,67.67567567567568,1530.0,877.0,stage3_v100_baseline
resnet18,300.0,32,fp16,1.172421928495169,268.42404946130205,228.94833586559636,6987.24563307565,96.69565217391305,47.869565217391305,1530.0,877.0,stage3_v100_baseline
resnet18,300.0,256,fp32,1.8172944970428944,502.3878949081081,276.4482563093625,4507.7999263906,99.69444444444444,68.27777777777777,1530.0,877.0,stage3_v100_baseline
resnet18,300.0,16,fp32,2.33484323322773,584.8545608778946,250.48986268314945,3508.5867365387226,97.82608695652172,59.45652173913044,1530.0,877.0,stage3_v100_baseline
resnet18,300.0,16,fp16,1.926297903060913,330.0437449463532,171.3357754384248,4252.71708336639,70.47368421052632,27.894736842105264,1530.0,877.0,stage3_v100_baseline
resnet18,300.0,64,fp16,1.0505678355693815,255.63437362302875,243.3297165284727,7797.687805243094,95.35,56.4,1530.0,877.0,stage3_v100_baseline
resnet18,300.0,32,fp32,2.1127826012670994,545.1033963758372,258.0025962202274,3877.351126938953,98.64285714285714,65.0,1530.0,877.0,stage3_v100_baseline
resnet18,300.0,8,fp32,3.2695760279893875,746.9877436531351,228.46624065582355,2505.523630547792,90.01538461538462,39.33846153846154,1530.0,877.0,stage3_v100_baseline
resnet18,300.0,256,fp16,0.9286492988467216,241.41734029482828,259.9661040983303,8821.414079753838,99.44444444444444,67.05555555555556,1530.0,877.0,stage3_v100_baseline
resnet18,300.0,64,fp32,1.976975355297327,525.525621409542,265.8230513604484,4143.703652172217,99.5897435897436,69.07692307692308,1530.0,877.0,stage3_v100_baseline
resnet18,300.0,32,fp16,1.17148856818676,268.4600562454248,229.161481840962,6992.812582609874,90.08695652173913,46.43478260869565,1530.0,877.0,stage3_v100_baseline
resnet18,300.0,8,fp32,3.273874841630459,744.2706000616246,227.33630210828773,2502.233712734177,89.47692307692307,39.261538461538464,1530.0,877.0,stage3_v100_baseline
resnet18,300.0,16,fp16,1.924709286540747,330.10464828583264,171.5088354351556,4256.227190924697,66.97368421052632,27.23684210526316,1530.0,877.0,stage3_v100_baseline
resnet18,300.0,64,fp16,1.0503283478319645,256.0006936735868,243.73396586125727,7799.465773640708,90.8,54.6,1530.0,877.0,stage3_v100_baseline
resnet18,300.0,64,fp32,1.9778824299573896,522.4769832433467,264.1597778158141,4141.803312432723,96.84615384615384,67.84615384615384,1530.0,877.0,stage3_v100_baseline
resnet18,300.0,256,fp16,0.9280710816383362,241.0352464911688,259.7163636061864,8826.910095656202,95.61111111111111,65.55555555555556,1530.0,877.0,stage3_v100_baseline
resnet18,300.0,128,fp16,0.9787598364055156,246.64120877791348,251.9935939379169,8369.775398717858,94.94736842105264,63.0,1530.0,877.0,stage3_v100_baseline
resnet18,300.0,8,fp16,3.775788851082325,484.06989120665503,128.2036444034462,2169.612847299916,44.45333333333333,11.44,1530.0,877.0,stage3_v100_baseline
resnet18,300.0,256,fp32,1.8196412920951843,498.4206748799001,273.91149950549044,4501.986207714329,99.41666666666669,67.72222222222223,1529.7777777777778,877.0,stage3_v100_baseline
resnet18,300.0,32,fp32,2.1108362823724747,548.1640471670676,259.6904609536835,3880.9262795088025,94.76190476190476,63.54761904761905,1530.0,877.0,stage3_v100_baseline
resnet18,300.0,16,fp32,2.3403027579188347,585.8321217645083,250.32321984078348,3500.4018058265738,94.47826086956522,57.630434782608695,1530.0,877.0,stage3_v100_baseline
resnet18,300.0,128,fp32,1.8872791454195976,508.6599157429408,269.52023338860704,4340.640344530844,97.37837837837836,68.08108108108108,1530.0,877.0,stage3_v100_baseline
resnet18,300.0,8,fp32,3.2722335159778595,756.0804030637292,231.05942756587945,2503.4888127633944,89.86153846153846,39.44615384615385,1530.0,877.0,stage3_v100_baseline
resnet18,300.0,128,fp16,0.9789661839604378,247.50255891784244,252.82033534249692,8368.011208373931,93.0,61.578947368421055,1530.0,877.0,stage3_v100_baseline
resnet18,300.0,32,fp32,2.1127911768853664,545.8193538181401,258.3404170698857,3877.33538913982,94.47619047619048,63.333333333333336,1530.0,877.0,stage3_v100_baseline
resnet18,300.0,128,fp32,1.886328369379044,509.706938509015,270.2111396844465,4342.8281803855325,97.48648648648648,68.29729729729729,1530.0,877.0,stage3_v100_baseline
resnet18,300.0,64,fp32,1.9814158864319324,522.9261654122478,263.915399585251,4134.417239760745,97.07692307692308,68.0,1530.0,877.0,stage3_v100_baseline
resnet18,300.0,16,fp16,1.924344953149557,331.94945134199065,172.49997241850645,4257.033016139976,67.36842105263158,27.34210526315789,1530.0,877.0,stage3_v100_baseline
resnet18,300.0,16,fp32,2.340100795030594,588.0785400956621,251.3047905220569,3500.7039087360763,95.15217391304348,58.04347826086956,1530.0,877.0,stage3_v100_baseline
resnet18,300.0,256,fp32,1.819331139326096,501.8772380559949,275.85810367754,4502.753689487459,99.83333333333331,68.11111111111111,1530.0,877.0,stage3_v100_baseline
resnet18,300.0,64,fp16,1.0503181517124176,255.2365318040716,243.00877918556304,7799.541488113795,91.6,55.05,1530.0,877.0,stage3_v100_baseline
resnet18,300.0,32,fp16,1.1719204112887385,269.6687204921466,230.10839123076377,6990.235788274577,89.69565217391305,46.04347826086956,1530.0,877.0,stage3_v100_baseline
resnet18,300.0,8,fp16,3.7637784704566,487.1815743427252,129.4394922992434,2176.5361761597496,44.66666666666666,11.68,1530.0,877.0,stage3_v100_baseline
resnet18,300.0,256,fp16,0.9283883832395076,239.8989913463508,258.40369793216286,8823.893262661182,95.33333333333331,65.22222222222223,1530.0,877.0,stage3_v100_baseline
distilbert,300.0,8,fp16,3.14500517770648,466.1038025395292,148.2044626964459,1302.3825935278874,46.08064516129032,13.53225806451613,1530.0,877.0,stage3_v100_baseline
distilbert,300.0,128,fp16,0.9584440067410468,266.43810019785104,277.99026163647085,4273.593419324975,95.52631578947368,53.63157894736842,1486.7894736842106,877.0,stage3_v100_baseline
distilbert,300.0,128,fp32,3.788031429052353,1102.9975353565458,291.1796155905922,1081.3004265449538,99.92,32.026666666666664,1510.3866666666668,877.0,stage3_v100_baseline
distilbert,300.0,32,fp16,1.0971505343914032,289.8513733143543,264.18560099880625,3733.307209545387,91.23809523809524,46.47619047619048,1529.2857142857142,877.0,stage3_v100_baseline
distilbert,300.0,256,fp32,3.762977074831724,1093.1529681398265,290.50215996564657,1088.4998549142551,99.84,32.85333333333333,1492.8933333333334,877.0,stage3_v100_baseline
distilbert,300.0,16,fp32,4.261258821934462,1240.3090010113651,291.06633810342186,961.2183092273564,98.51764705882351,36.694117647058825,1508.2235294117647,877.0,stage3_v100_baseline
distilbert,300.0,16,fp16,1.5746479779481888,328.0955495218703,208.36120460992692,2601.216308255261,71.70967741935483,29.161290322580644,1529.258064516129,877.0,stage3_v100_baseline
distilbert,300.0,64,fp16,1.0078002326190472,279.58411846594424,277.42017655559346,4064.2975338033134,93.95,51.65,1517.15,877.0,stage3_v100_baseline
distilbert,300.0,32,fp32,4.142180439084768,1193.455927603945,288.1226313423574,988.851176387919,99.14634146341464,29.75609756097561,1529.219512195122,877.0,stage3_v100_baseline
distilbert,300.0,8,fp32,4.735095541924238,1347.4691474514923,284.5706354858282,865.0300640682482,97.61702127659576,36.06382978723404,1527.7340425531916,877.0,stage3_v100_baseline
distilbert,300.0,256,fp16,0.9430963322520256,257.8552107042558,273.4134381463681,4343.140631476253,99.55555555555556,55.27777777777778,1472.5,877.0,stage3_v100_baseline
distilbert,300.0,64,fp32,4.024610813707113,1142.301399902063,283.8290341047602,1017.738158941915,99.775,29.9875,1491.55,877.0,stage3_v100_baseline
distilbert,300.0,32,fp16,1.0962656252086165,290.670572769396,265.14611612863644,3736.320747282889,91.0952380952381,46.42857142857143,1530.0,877.0,stage3_v100_baseline
distilbert,300.0,8,fp32,4.736356388777494,1348.5794073034558,284.7292932809769,864.7997878084556,98.20212765957449,36.319148936170215,1528.1170212765958,877.0,stage3_v100_baseline
distilbert,300.0,16,fp16,1.5815413668751717,330.86380232332266,209.2033817471669,2589.878510792877,69.93548387096774,28.580645161290324,1530.0,877.0,stage3_v100_baseline
distilbert,300.0,64,fp16,1.01037809997797,277.0325628026104,274.1870224707471,4053.927930632412,92.9,50.9,1514.1,877.0,stage3_v100_baseline
distilbert,300.0,64,fp32,4.0095365680754185,1156.840577635789,288.5222663503662,1021.5644452810376,99.925,29.9625,1505.475,877.0,stage3_v100_baseline
distilbert,300.0,256,fp16,0.9385131634771824,262.67090451191456,279.8798298563244,4364.350079890578,99.66666666666669,55.77777777777778,1498.0555555555557,877.0,stage3_v100_baseline
distilbert,300.0,128,fp16,0.9589106924831868,265.15746182134865,276.5194547311796,4271.513533124794,96.36842105263158,54.0,1486.0,877.0,stage3_v100_baseline
distilbert,300.0,8,fp16,3.1480567269027238,459.4348840844509,145.94237777172296,1301.1201370662495,43.25806451612903,12.516129032258064,1529.274193548387,877.0,stage3_v100_baseline
distilbert,300.0,256,fp32,3.7663954608142376,1090.9877926176555,289.66363303278854,1087.5119308673195,99.76,32.92,1492.4533333333334,877.0,stage3_v100_baseline
distilbert,300.0,32,fp32,4.146299686282873,1191.6818083497992,287.40850843276434,987.868776960508,99.17073170731707,29.74390243902439,1528.5731707317073,877.0,stage3_v100_baseline
distilbert,300.0,16,fp32,4.262897998094559,1236.448350570182,290.04877694067574,960.848700069962,98.6470588235294,36.95294117647059,1510.6352941176472,877.0,stage3_v100_baseline
distilbert,300.0,128,fp32,3.7935032546520233,1100.0342652491036,289.9784688203752,1079.7407370026692,99.89333333333332,31.69333333333333,1504.493333333333,877.0,stage3_v100_baseline
distilbert,300.0,8,fp32,4.768192861229181,1329.0486059082093,278.7321412090695,859.0256558842508,98.14736842105263,35.68421052631579,1510.778947368421,877.0,stage3_v100_baseline
distilbert,300.0,128,fp16,0.9617434591054916,266.26400878682546,276.8555442367917,4258.932006472548,99.36842105263158,55.89473684210526,1481.8947368421052,877.0,stage3_v100_baseline
distilbert,300.0,32,fp32,4.149577051401138,1191.7397109638343,287.1954650321371,987.0885512577609,99.07317073170732,29.74390243902439,1528.7317073170732,877.0,stage3_v100_baseline
distilbert,300.0,128,fp32,3.790252927690744,1104.2844976088666,291.3484980227071,1080.6666674077435,99.92,31.826666666666668,1506.7733333333333,877.0,stage3_v100_baseline
distilbert,300.0,64,fp32,4.014553166925907,1152.9805192010938,287.2002116449672,1020.2878949879396,99.8125,29.9375,1503.4125,877.0,stage3_v100_baseline
distilbert,300.0,16,fp16,1.6563843190670011,336.80687390556454,203.3386032628461,2472.856059339641,68.72727272727273,28.24242424242424,1529.3030303030305,877.0,stage3_v100_baseline
distilbert,300.0,16,fp32,4.266687471419573,1236.817430590063,289.87767181798307,959.9953189534216,98.69411764705882,36.752941176470586,1509.7176470588236,877.0,stage3_v100_baseline
distilbert,300.0,256,fp32,3.7674112431705,1092.2561667792172,289.92220288115374,1087.218712166122,99.92,33.026666666666664,1492.48,877.0,stage3_v100_baseline
distilbert,300.0,64,fp16,1.0090996325016022,280.87773490386263,278.34489861774546,4059.0640092156577,91.9,50.4,1518.95,877.0,stage3_v100_baseline
distilbert,300.0,32,fp16,1.0968818999826908,292.2847879616861,266.46878571548905,3734.221523816408,90.95238095238096,46.42857142857143,1530.0,877.0,stage3_v100_baseline
distilbert,300.0,8,fp16,3.3012656047940254,471.2848388845118,142.7588371563083,1240.7362782479177,41.90769230769231,12.676923076923076,1530.0,877.0,stage3_v100_baseline
distilbert,300.0,256,fp16,0.9409997127950191,261.4400305197911,277.83221074876286,4352.817481563084,99.66666666666669,55.888888888888886,1484.7777777777778,877.0,stage3_v100_baseline
distilbert,100.0,16,fp32,9.819620467722416,983.1495745285464,100.12093418072604,417.1240643631551,99.4642126789366,16.196319018404907,596.3742331288344,877.0,stage4_power_sweep
resnet18,100.0,8,fp32,5.206947408616543,524.0244433576311,100.63947304143436,1573.2826466508463,99.04615384615384,24.9,789.7923076923076,877.0,stage4_power_sweep
distilbert,100.0,32,fp16,2.313699923455715,234.92677363242493,101.53726991594532,1770.324646889499,95.49565217391304,22.70434782608696,590.3130434782609,877.0,stage4_power_sweep
resnet18,100.0,64,fp16,1.9636042527854445,196.59274977299933,100.11831533473476,4171.920074210141,97.69072164948452,30.91752577319588,679.4742268041238,877.0,stage4_power_sweep
resnet18,100.0,64,fp32,4.085993319749832,410.8452752598544,100.54966885873633,2004.8980404357487,99.41176470588236,40.794117647058826,571.2450980392157,877.0,stage4_power_sweep
resnet18,100.0,256,fp16,1.939127303659916,192.94004719806836,99.49839127834082,4224.580812481156,99.82291666666669,33.09375,573.6666666666666,877.0,stage4_power_sweep
distilbert,100.0,256,fp32,8.74989690259099,877.9398940437361,100.33717011954316,468.1198013644145,99.95881006864988,14.233409610983982,592.3867276887872,877.0,stage4_power_sweep
distilbert,100.0,128,fp16,3.335192140191793,271.02618848600014,81.26254113516066,1228.115151340113,99.42168674698796,16.674698795180724,465.078313253012,877.0,stage4_power_sweep
resnet18,100.0,256,fp32,3.8845056369900703,388.8501398085696,100.10286408282114,2108.891263277356,98.96373056994818,39.66321243523316,546.580310880829,877.0,stage4_power_sweep
resnet18,100.0,32,fp32,4.252391804009676,426.4649498473917,100.2882541174283,1926.445251887556,99.40566037735849,33.18396226415094,622.872641509434,877.0,stage4_power_sweep
resnet18,100.0,16,fp32,4.423923306167126,446.08000794823,100.83357623455557,1851.7500040247137,99.41552511415524,31.922374429223744,681.2328767123288,877.0,stage4_power_sweep
distilbert,100.0,128,fp32,8.763305801898241,872.5624226602833,99.57000729921756,467.4035224370186,99.86270022883296,13.807780320366131,599.604118993135,877.0,stage4_power_sweep
resnet18,100.0,16,fp16,2.0788844376802444,211.0756858920112,101.53315021567204,3940.57497931014,97.38709677419357,25.70967741935484,908.1935483870968,877.0,stage4_power_sweep
distilbert,100.0,64,fp16,2.299244489520788,231.3312417825845,100.611850038966,1781.4547424896489,97.21929824561404,23.157894736842103,521.1140350877193,877.0,stage4_power_sweep
resnet18,100.0,32,fp16,1.9731204025447369,202.6008350972673,102.680421750225,4151.79934758911,96.4375,28.375,777.7604166666666,877.0,stage4_power_sweep
distilbert,100.0,64,fp32,9.33941801264882,936.80642037268,100.30672351359776,438.5712251504956,99.58798283261802,12.939914163090128,575.3540772532189,877.0,stage4_power_sweep
resnet18,100.0,128,fp16,1.9666370563209057,197.52209518041775,100.4364758334886,4165.486444827404,99.57142857142856,33.04081632653061,612.1428571428571,877.0,stage4_power_sweep
distilbert,100.0,256,fp16,2.412632998079061,232.37886778094597,96.31753688437736,1697.730240472229,99.00847457627118,21.42372881355932,484.66101694915255,877.0,stage4_power_sweep
distilbert,100.0,16,fp16,2.298737782984972,232.9774071776968,101.35014480649876,1781.8474252775518,94.3859649122807,20.18421052631579,714.7631578947369,877.0,stage4_power_sweep
distilbert,100.0,32,fp32,9.118111316114664,912.76456389344,100.10456466793606,449.2158362621696,99.96483516483516,13.956043956043956,622.6945054945055,877.0,stage4_power_sweep
resnet18,100.0,128,fp32,4.003575060516596,399.2105799941037,99.7135245273988,2046.171203530016,98.91959798994976,40.75376884422111,556.572864321608,877.0,stage4_power_sweep
resnet18,100.0,8,fp16,3.780280523002148,377.9119201382381,99.96927948567044,2167.0349462569093,51.691489361702125,12.622340425531917,1345.601063829787,877.0,stage4_power_sweep
distilbert,100.0,8,fp16,3.101835209876299,311.5542608093549,100.44191252241916,1320.508577295874,55.75324675324676,13.07792207792208,1134.4415584415583,877.0,stage4_power_sweep
distilbert,100.0,8,fp32,11.171475313603878,1119.843857759916,100.24135813076046,366.6480822825759,99.12208258527828,14.992818671454218,564.7289048473967,877.0,stage4_power_sweep
distilbert,100.0,32,fp32,9.091131795197724,912.1176104910217,100.33047931092982,450.5489626895146,99.56291390728477,13.94260485651214,623.4260485651214,877.0,stage4_power_sweep
resnet18,100.0,8,fp16,3.7371798641979694,371.8590820714722,99.50259168253235,2192.0272231152226,51.13978494623656,12.602150537634408,1335.6720430107528,877.0,stage4_power_sweep
distilbert,100.0,256,fp32,8.763808004558086,878.7745986928895,100.27314590139764,467.3767382705847,99.5229357798165,14.15137614678899,587.8784403669724,877.0,stage4_power_sweep
distilbert,100.0,16,fp32,9.81900890171528,984.279251735554,100.24222012504852,417.1500444698111,99.38241308793457,16.167689161554193,594.5828220858896,877.0,stage4_power_sweep
resnet18,100.0,64,fp32,4.091521520167589,411.06763860201033,100.46815996831737,2002.1891513024364,98.94117647058825,40.99509803921568,571.8529411764706,877.0,stage4_power_sweep
distilbert,100.0,8,fp32,11.183713488280771,1121.160719126509,100.24941360500291,366.2468646297252,99.2701252236136,15.02504472271914,564.1305903398927,877.0,stage4_power_sweep
resnet18,100.0,8,fp32,5.235526740550995,528.4861881899052,100.9423147620647,1564.694519951561,97.83783783783784,24.822393822393824,786.8571428571429,877.0,stage4_power_sweep
resnet18,100.0,32,fp32,4.26131422445178,427.1727309693081,100.2443632338012,1922.411624327916,97.5781990521327,32.81516587677725,621.5545023696683,877.0,stage4_power_sweep
distilbert,100.0,64,fp16,2.322610531002283,233.15849207638615,100.38639236504736,1763.5328632702103,98.67241379310344,23.560344827586206,516.6120689655172,877.0,stage4_power_sweep
resnet18,100.0,64,fp16,1.9548380635678768,196.46899556601312,100.5039748445594,4190.628447784751,94.61052631578949,30.589473684210525,685.6526315789474,877.0,stage4_power_sweep
resnet18,100.0,128,fp32,3.9915731251239777,399.7958687298034,100.15997607895152,2052.323668690288,98.91959798994976,40.778894472361806,562.0753768844221,877.0,stage4_power_sweep
distilbert,100.0,64,fp32,9.401977486908436,940.1691758124572,99.99696097140986,435.6530321098279,99.97002141327624,13.02355460385439,572.8458244111349,877.0,stage4_power_sweep
distilbert,100.0,128,fp32,8.788347385823727,875.4412514321427,99.6138651556146,466.0716992829801,99.91799544419136,13.863325740318906,597.9111617312072,877.0,stage4_power_sweep
resnet18,100.0,128,fp16,1.944905262440443,197.1453943938748,101.36503725970653,4212.030353458337,97.41052631578948,32.90526315789474,619.0,877.0,stage4_power_sweep
resnet18,100.0,32,fp16,1.9657921232283115,201.60803692221867,102.5581670309722,4167.276846417887,94.3265306122449,28.255102040816325,782.5102040816327,877.0,stage4_power_sweep
distilbert,100.0,8,fp16,3.103204119950533,310.69444651391666,100.12053171638266,1319.926064053206,55.896103896103895,12.896103896103895,1130.1168831168832,877.0,stage4_power_sweep
resnet18,100.0,256,fp16,1.9439906738698485,193.47995696073,99.52720430267024,4214.011985814938,99.15789473684212,32.77894736842105,571.1263157894737,877.0,stage4_power_sweep
resnet18,100.0,16,fp16,2.08103246241808,211.74949120826733,101.75213267082944,3936.507549950092,94.83720930232558,25.209302325581397,907.1744186046512,877.0,stage4_power_sweep
distilbert,100.0,32,fp16,2.33014314994216,235.8850528297676,101.2320006329323,1757.8319169368087,95.47826086956522,22.70434782608696,585.1739130434783,877.0,stage4_power_sweep
distilbert,100.0,16,fp16,2.30988135188818,235.3482078799362,101.88757430659984,1773.2512523432351,94.93859649122808,20.24561403508772,710.9912280701755,877.0,stage4_power_sweep
resnet18,100.0,256,fp32,3.9481317177414894,395.714713673322,100.22834645944609,2074.905445324452,99.5897435897436,39.59487179487179,543.4051282051282,877.0,stage4_power_sweep
distilbert,100.0,128,fp16,3.1202303022146225,262.0350526982016,83.97939489024863,1312.7236143732125,99.87096774193547,16.961290322580645,454.47741935483873,877.0,stage4_power_sweep
resnet18,100.0,16,fp32,4.42628275603056,448.2350656890136,101.26670400310933,1850.7629203848,97.11415525114155,31.680365296803654,681.3744292237443,877.0,stage4_power_sweep
distilbert,100.0,256,fp16,2.477102115750313,233.94331647144867,94.44233848251643,1653.5450734776527,99.15447154471543,20.92682926829268,479.6341463414634,877.0,stage4_power_sweep
distilbert,100.0,32,fp32,9.10516643896699,913.500881655756,100.3277521371038,449.85448947649377,99.64459161147904,13.927152317880797,621.0772626931567,877.0,stage4_power_sweep
distilbert,100.0,8,fp32,11.21144075319171,1123.1484771779287,100.17878182678592,365.3410913163803,99.05178571428571,14.991071428571429,562.5392857142857,877.0,stage4_power_sweep
resnet18,100.0,32,fp16,1.975024461746216,202.49381975247837,102.5272464592381,4147.796727923588,93.5625,28.104166666666668,780.8541666666666,877.0,stage4_power_sweep
distilbert,100.0,256,fp16,3.6725853867828846,280.87009234195386,76.47748459512081,1115.290611006874,99.89071038251366,14.163934426229508,444.7377049180328,877.0,stage4_power_sweep
resnet18,100.0,128,fp32,3.9842443838715553,397.9899432644314,99.89094666871264,2056.098775758253,98.24242424242424,40.72727272727273,562.1212121212121,877.0,stage4_power_sweep
resnet18,100.0,32,fp32,4.242433659732342,427.2870181607197,100.71743070878745,1930.967142222052,97.45283018867924,32.75471698113208,620.127358490566,877.0,stage4_power_sweep
resnet18,100.0,64,fp32,4.083144541829824,411.2432825760201,100.7172972602447,2006.296842072808,98.34482758620688,40.69950738916256,572.4137931034483,877.0,stage4_power_sweep
resnet18,100.0,16,fp32,4.422314092516899,448.5933359413609,101.4385967519666,1852.4238280274744,97.08597285067871,31.63800904977376,680.1357466063348,877.0,stage4_power_sweep
distilbert,100.0,64,fp32,9.403679847717283,940.5097335397928,100.01507375520644,435.5741652555613,99.9360341151386,12.9317697228145,572.9680170575693,877.0,stage4_power_sweep
distilbert,100.0,16,fp32,9.880599215626717,988.3333253132282,100.0276707661742,414.5497566101,99.65314401622716,16.202839756592294,592.3732251521299,877.0,stage4_power_sweep
resnet18,100.0,128,fp16,1.9570368714630604,196.97480829274096,100.64951313129048,4185.920111906602,97.33333333333331,32.78125,616.7395833333334,877.0,stage4_power_sweep
resnet18,100.0,16,fp16,2.0786339044570923,211.79766626929157,101.89272185695916,3941.049928241032,95.85858585858584,25.595959595959595,909.1717171717172,877.0,stage4_power_sweep
resnet18,100.0,8,fp16,3.940032206475735,393.59693418093946,99.89688245036012,2079.1708216333463,47.56122448979592,12.198979591836734,1364.75,877.0,stage4_power_sweep
distilbert,100.0,8,fp16,3.2604007720947266,326.6611738745987,100.1904970304393,1256.2872745758864,52.141975308641975,12.5,1164.0185185185185,877.0,stage4_power_sweep
resnet18,100.0,256,fp16,1.883212182670832,191.8550099044848,101.87647025115878,4350.014340063287,97.92307692307692,32.8021978021978,586.934065934066,877.0,stage4_power_sweep
distilbert,100.0,32,fp16,2.3369287252426147,236.45969956907012,101.18395867829535,1752.7278242406655,95.13793103448276,22.57758620689655,584.1465517241379,877.0,stage4_power_sweep
resnet18,100.0,64,fp16,1.9776948355138304,199.16174266057857,100.70398075789778,4142.196183604643,95.95918367346938,30.877551020408163,676.8367346938776,877.0,stage4_power_sweep
resnet18,100.0,256,fp32,3.956974256783724,394.7000511430721,99.74794515440922,2070.268712503213,99.54314720812182,39.14720812182741,537.3857868020305,877.0,stage4_power_sweep
distilbert,100.0,16,fp16,2.304707422852516,235.72306386318337,102.27895373002748,1777.2320943586049,93.8141592920354,20.035398230088497,716.2035398230089,877.0,stage4_power_sweep
distilbert,100.0,64,fp16,2.3054740764200687,233.3375315850269,101.21021700983624,1776.6411003676317,98.36521739130434,23.51304347826087,518.4173913043478,877.0,stage4_power_sweep
resnet18,100.0,8,fp32,5.236002549529076,527.8794652695308,100.81726666023263,1564.5523321482694,97.56923076923076,24.634615384615383,787.7076923076924,877.0,stage4_power_sweep
distilbert,100.0,128,fp32,8.806322950869799,876.8798506460912,99.57389202487538,465.1203485099804,99.88812785388129,13.817351598173516,596.703196347032,877.0,stage4_power_sweep
distilbert,100.0,128,fp16,2.8592747151851654,255.34254137163077,89.30325582762161,1432.531116456484,99.556338028169,19.176056338028168,474.4929577464789,877.0,stage4_power_sweep
distilbert,100.0,256,fp32,8.811216000467539,882.8995404379519,100.20178150111218,464.8620576073336,99.95899772209567,14.161731207289296,587.4783599088838,877.0,stage4_power_sweep
distilbert,125.0,16,fp32,7.136574603617191,891.6889975156972,124.94635690681946,573.9448163162102,98.95197740112994,21.728813559322035,831.3644067796611,877.0,stage4_power_sweep
resnet18,125.0,8,fp32,3.99154693633318,500.0763824962556,125.28385372204818,2052.3371341151137,96.98492462311556,33.09045226130653,1064.6633165829146,877.0,stage4_power_sweep
distilbert,125.0,32,fp16,1.7111487686634064,214.07082211397767,125.10357137514718,2393.713553731171,94.88095238095238,29.09523809523809,810.9642857142857,877.0,stage4_power_sweep
resnet18,125.0,64,fp16,1.438284482806921,182.10414577523304,126.6120492517885,5695.674324465138,90.70967741935485,37.2258064516129,889.0967741935484,877.0,stage4_power_sweep
resnet18,125.0,64,fp32,2.948599457740784,369.59835312364856,125.34708712414766,2778.268163379745,97.61379310344827,54.25517241379311,845.3862068965517,877.0,stage4_power_sweep
resnet18,125.0,256,fp16,1.3986390568315985,173.74687817269233,124.22567303839574,5857.122293265366,97.47058823529412,43.13235294117647,823.2352941176471,877.0,stage4_power_sweep
distilbert,125.0,256,fp32,6.366155326366425,793.4071919173017,124.62894026969184,643.4024603571605,99.8259493670886,19.151898734177216,823.2215189873418,877.0,stage4_power_sweep
distilbert,125.0,128,fp16,1.6819593608379364,209.83136070787785,124.75412045826234,2435.255033724127,98.53658536585364,30.57317073170732,716.2926829268292,877.0,stage4_power_sweep
resnet18,125.0,256,fp32,2.838332500308752,356.6168240177416,125.64307528414976,2886.20166915218,98.35714285714286,52.25,803.3285714285714,877.0,stage4_power_sweep
resnet18,125.0,32,fp32,3.0843965224921703,386.2989547502793,125.24296144587548,2655.9490455464925,97.11842105263158,43.44078947368421,869.3552631578947,877.0,stage4_power_sweep
resnet18,125.0,16,fp32,3.2480839863419533,407.1411291144087,125.3480916215279,2522.102271507446,95.82119205298014,41.72847682119205,934.0993377483444,877.0,stage4_power_sweep
distilbert,125.0,128,fp32,6.344489775598049,790.0978269853824,124.53291831665148,645.599590333314,99.84858044164038,18.81388012618297,837.9526813880126,877.0,stage4_power_sweep
resnet18,125.0,16,fp16,1.9199955351650717,240.8378815349564,125.43668832763738,4266.676588545136,78.83157894736843,27.32631578947369,1225.9894736842105,877.0,stage4_power_sweep
distilbert,125.0,64,fp16,1.7047274634242058,212.2223725421988,124.49049897742464,2402.730106648577,96.6987951807229,29.795180722891565,739.3614457831326,877.0,stage4_power_sweep
resnet18,125.0,32,fp16,1.5147482752799988,190.54093791903392,125.79049669742172,5408.159318409339,95.07042253521126,37.15492957746479,1038.4507042253522,877.0,stage4_power_sweep
distilbert,125.0,64,fp32,6.788984034210444,847.4086170144301,124.82112385951184,603.3303332810626,99.6283185840708,17.504424778761063,804.740412979351,877.0,stage4_power_sweep
resnet18,125.0,128,fp16,1.4010113887488842,174.49036421346543,124.54599985035588,5847.204430875848,95.77272727272728,43.68181818181818,879.6515151515151,877.0,stage4_power_sweep
distilbert,125.0,256,fp16,1.6357288658618927,203.8946383118009,124.65063285678792,2504.082483035322,97.51898734177216,30.354430379746837,709.6455696202531,877.0,stage4_power_sweep
distilbert,125.0,16,fp16,1.6972727216780186,214.6487328731408,126.46684892273946,2413.2833502152,93.73333333333332,27.093333333333334,950.24,877.0,stage4_power_sweep
distilbert,125.0,32,fp32,6.632796425372362,829.3592715054592,125.03915668705292,617.5374212197463,99.51963746223564,18.48942598187311,860.190332326284,877.0,stage4_power_sweep
resnet18,125.0,128,fp32,2.8719545118510723,358.529227507585,124.83805924784676,2852.4128659405465,97.97183098591547,54.35915492957746,829.0492957746479,877.0,stage4_power_sweep
resnet18,125.0,8,fp16,3.912844832986593,479.99121003377786,122.67064770554946,2093.617393395898,43.52307692307692,11.692307692307692,1529.1538461538462,877.0,stage4_power_sweep
distilbert,125.0,8,fp16,3.254421353340149,404.48164492255967,124.28680893069462,1258.595478362414,44.99382716049383,12.462962962962964,1406.216049382716,877.0,stage4_power_sweep
distilbert,125.0,8,fp32,8.133379869163036,1013.2642190078128,124.58095346677598,503.6036759489875,98.6509900990099,20.297029702970296,796.2351485148515,877.0,stage4_power_sweep
distilbert,125.0,32,fp32,6.623507954180241,827.1077831480981,124.87458139551146,618.4034243387486,99.67272727272729,18.393939393939394,856.2181818181818,877.0,stage4_power_sweep
resnet18,125.0,8,fp16,3.906158681958914,478.1196632460182,122.4014952219617,2097.201027146128,43.6051282051282,11.805128205128206,1525.9794871794873,877.0,stage4_power_sweep
distilbert,125.0,256,fp32,6.354926954954863,795.173885032309,125.1271479072346,644.5392730763642,99.44126984126984,19.09523809523809,823.6857142857143,877.0,stage4_power_sweep
distilbert,125.0,16,fp32,7.155142895877361,894.8902107008897,125.0695092639598,572.4553736529883,99.29131652661064,21.81232492997199,831.7899159663865,877.0,stage4_power_sweep
resnet18,125.0,64,fp32,2.9636946320533752,368.3608113139069,124.29108158781212,2764.11743349018,97.54794520547944,54.3013698630137,842.2397260273973,877.0,stage4_power_sweep
distilbert,125.0,8,fp32,8.13298575207591,1015.3506633210432,124.84353154828524,503.6280801247578,98.7871287128713,20.33663366336633,796.0321782178218,877.0,stage4_power_sweep
resnet18,125.0,8,fp32,4.003396522253752,502.4503105011705,125.50600663916028,2046.262456007788,96.6497461928934,32.66497461928934,1057.5685279187817,877.0,stage4_power_sweep
resnet18,125.0,32,fp32,3.0804664939641957,387.27891481278914,125.72086584016276,2659.3374789341947,97.02702702702705,43.33783783783784,874.7094594594595,877.0,stage4_power_sweep
distilbert,125.0,64,fp16,1.719558522105217,213.2116515683667,123.99208798508144,2382.0067461183926,96.01190476190476,29.55952380952381,741.9761904761905,877.0,stage4_power_sweep
resnet18,125.0,64,fp16,1.4362377226352692,179.29078815043457,124.83364371008464,5703.7911418793365,91.11475409836063,37.67213114754098,891.5081967213115,877.0,stage4_power_sweep
resnet18,125.0,128,fp32,2.886421456933021,360.5278310624988,124.90477792026223,2838.1163742818217,97.65957446808513,54.226950354609926,831.3617021276596,877.0,stage4_power_sweep
distilbert,125.0,64,fp32,6.801308073103428,847.7918291696752,124.6512906131054,602.2370926260661,99.77352941176471,17.5,805.035294117647,877.0,stage4_power_sweep
distilbert,125.0,128,fp32,6.349820956587791,792.417795418746,124.7937226634132,645.0575580009851,99.33333333333331,18.746031746031747,834.2793650793651,877.0,stage4_power_sweep
resnet18,125.0,128,fp16,1.4181818552315235,177.10872552314564,124.8843544781018,5776.410105502742,95.91304347826087,42.11594202898551,858.1449275362319,877.0,stage4_power_sweep
resnet18,125.0,32,fp16,1.51808175817132,191.10086822083545,125.88312005740414,5396.283800859366,94.5,37.09722222222222,1039.7083333333333,877.0,stage4_power_sweep
distilbert,125.0,8,fp16,3.2526055835187435,401.76406845489214,123.52068461379646,1259.2980903540272,45.17283950617284,12.555555555555555,1394.8271604938273,877.0,stage4_power_sweep
resnet18,125.0,256,fp16,1.40785051882267,175.29824447643364,124.51481327934492,5818.799574581716,97.5,42.457142857142856,818.9428571428572,877.0,stage4_power_sweep
resnet18,125.0,16,fp16,1.951271623373032,244.37523692271355,125.2389641685449,4198.287876415197,77.23711340206185,26.95876288659794,1231.319587628866,877.0,stage4_power_sweep
distilbert,125.0,32,fp16,1.6930947452783585,212.98475163716463,125.79612111556594,2419.238504769315,93.89285714285714,29.44047619047619,823.8214285714286,877.0,stage4_power_sweep
distilbert,125.0,16,fp16,1.7004120573401451,214.7863749553628,126.31430953938336,2408.82789693172,93.74647887323944,25.95774647887324,921.43661971831,877.0,stage4_power_sweep
resnet18,125.0,256,fp32,2.860403671860695,355.5588875275198,124.303744616657,2863.931437576116,98.75352112676056,52.30281690140845,798.5,877.0,stage4_power_sweep
distilbert,125.0,128,fp16,1.6977422125637531,211.05687758513048,124.31621009553294,2412.6159847404915,98.47619047619048,30.297619047619047,716.5357142857143,877.0,stage4_power_sweep
resnet18,125.0,16,fp32,3.246927846223116,406.2056701694097,125.10461870654603,2523.000321528265,96.88311688311688,41.1948051948052,917.4285714285714,877.0,stage4_power_sweep
distilbert,125.0,256,fp16,1.653375156223774,206.1528572502942,124.68607410379688,2477.3566873685577,98.29268292682929,30.353658536585368,710.0487804878048,877.0,stage4_power_sweep
distilbert,125.0,32,fp32,6.649257950484753,831.4309988149136,125.04117076015972,616.0085878005964,99.53333333333332,18.33939393939394,856.0484848484848,877.0,stage4_power_sweep
distilbert,125.0,8,fp32,8.148574274033308,1017.3555702871556,124.85074518239546,502.6646211046437,98.46551724137932,20.233990147783253,794.2610837438424,877.0,stage4_power_sweep
resnet18,125.0,32,fp16,1.5194469019770622,190.93136257040172,125.65846316970152,5391.435521268165,93.28,36.93333333333333,1045.6,877.0,stage4_power_sweep
distilbert,125.0,256,fp16,1.6466755457222462,204.2461955044652,124.0354822995085,2487.4359801119526,98.55555555555556,30.679012345679013,725.8888888888889,877.0,stage4_power_sweep
resnet18,125.0,128,fp32,2.8869203329086304,360.6179606440171,124.91441365154932,2837.6259319031487,98.37588652482268,54.6241134751773,831.4042553191489,877.0,stage4_power_sweep
resnet18,125.0,32,fp32,3.090245623141527,388.1273318332367,125.597567043447,2650.921965119412,96.52027027027027,43.37162162162162,881.1351351351351,877.0,stage4_power_sweep
resnet18,125.0,64,fp32,2.954476721584797,370.2968474115556,125.3341563689581,2772.741426646194,97.42465753424658,54.07534246575342,844.6575342465753,877.0,stage4_power_sweep
resnet18,125.0,16,fp32,3.249419990926981,408.0116786175376,125.56446373715504,2521.0653048463028,97.7,42.4,928.4875,877.0,stage4_power_sweep
distilbert,125.0,64,fp32,6.802650135010481,850.7758913035741,125.06536047252756,602.118280186063,99.5266272189349,17.532544378698226,805.0621301775147,877.0,stage4_power_sweep
distilbert,125.0,16,fp32,7.155632581561804,894.8135750179329,125.05024046701809,572.4161984720013,99.46067415730336,21.828651685393258,831.6544943820224,877.0,stage4_power_sweep
resnet18,125.0,128,fp16,1.3978168666362762,176.17898877077116,126.03867715141428,5860.567428774364,94.71641791044776,42.28358208955224,872.5522388059702,877.0,stage4_power_sweep
resnet18,125.0,16,fp16,1.9643248803913596,245.8995617546356,125.18273540660148,4170.389573423251,76.78571428571429,26.989795918367346,1237.642857142857,877.0,stage4_power_sweep
resnet18,125.0,8,fp16,3.898106940090656,471.56213122490544,120.9720868288797,2101.532904535832,43.97422680412371,12.623711340206183,1513.479381443299,877.0,stage4_power_sweep
distilbert,125.0,8,fp16,3.2546983510255814,405.4491803136372,124.5735046954127,1258.4883630488575,45.0679012345679,12.5,1407.4876543209878,877.0,stage4_power_sweep
resnet18,125.0,256,fp16,1.4033263623714447,173.51955945853535,123.64875634867228,5837.558688882999,98.77142857142856,43.62857142857143,822.8,877.0,stage4_power_sweep
distilbert,125.0,32,fp16,1.7077534012496471,214.76671163550665,125.75979147712503,2398.47275198091,93.52380952380952,29.071428571428573,818.2738095238095,877.0,stage4_power_sweep
resnet18,125.0,64,fp16,1.4417109824717045,182.18613456104947,126.36800078244886,5682.137473875267,92.83076923076923,39.6,940.7846153846152,877.0,stage4_power_sweep
resnet18,125.0,256,fp32,2.852344442158937,354.4969933064533,124.28267360239803,2872.023406051017,98.97872340425532,52.17021276595744,797.4042553191489,877.0,stage4_power_sweep
distilbert,125.0,16,fp16,1.7026436626911163,214.6249683030868,126.05395539067813,2405.6707165174303,93.47619047619048,26.535714285714285,943.9285714285714,877.0,stage4_power_sweep
distilbert,125.0,64,fp16,1.7094853818416595,213.59088943865623,124.94455448841036,2396.0427175968625,94.6987951807229,29.156626506024097,744.9277108433735,877.0,stage4_power_sweep
resnet18,125.0,8,fp32,4.004439108073711,502.4458550017226,125.4722175669237,2045.729696197245,96.6060606060606,32.38383838383838,1056.646464646465,877.0,stage4_power_sweep
distilbert,125.0,128,fp32,6.369071278721094,792.3858454721321,124.41152105165996,643.1078913631619,99.63809523809525,18.64444444444445,831.431746031746,877.0,stage4_power_sweep
distilbert,125.0,128,fp16,1.7146091721951962,211.41316656484292,123.30108224848284,2388.8825899350195,99.83333333333331,30.726190476190474,709.7142857142857,877.0,stage4_power_sweep
distilbert,125.0,256,fp32,6.364806111901999,795.471834503966,124.97974337607194,643.5388491003051,99.55974842767296,19.166666666666668,821.8962264150944,877.0,stage4_power_sweep
distilbert,150.0,16,fp32,5.805850885808468,870.7894844980304,149.98481732049729,705.495211737535,99.06920415224911,27.162629757785467,1044.1384083044982,877.0,stage4_power_sweep
resnet18,150.0,8,fp32,3.6018171347677708,541.5037088054187,150.3418104096316,2274.407526391032,95.8882681564246,35.75977653631285,1207.6033519553073,877.0,stage4_power_sweep
distilbert,150.0,32,fp16,1.3841165266931057,208.75237165070945,150.81994010248184,2959.288413227789,93.9047619047619,37.285714285714285,1054.3809523809523,877.0,stage4_power_sweep
resnet18,150.0,64,fp16,1.2568005584180355,188.675052275386,150.12330398140156,6518.138415144774,90.85483870967742,45.5,1127.5806451612902,877.0,stage4_power_sweep
resnet18,150.0,64,fp32,2.4663515873253345,369.9464127750871,149.99743535198078,3321.505353129282,97.8048780487805,66.0650406504065,1077.60162601626,877.0,stage4_power_sweep
resnet18,150.0,256,fp16,1.1383481808006763,172.4121348153589,151.45817222116517,7196.39222705835,95.28888888888888,52.55555555555556,1064.1777777777777,877.0,stage4_power_sweep
distilbert,150.0,256,fp32,5.129649505019188,768.897875099401,149.89286779672966,798.4951010770235,99.70526315789472,23.92105263157895,1034.2736842105264,877.0,stage4_power_sweep
distilbert,150.0,128,fp16,1.3179327473044395,197.5746447616364,149.91253928983457,3107.897583072828,97.40322580645162,37.75806451612903,880.6935483870968,877.0,stage4_power_sweep
resnet18,150.0,256,fp32,2.307140029966831,345.6748886005421,149.8283086898335,3550.71642535619,99.72173913043478,66.40869565217392,1033.2521739130434,877.0,stage4_power_sweep
resnet18,150.0,32,fp32,2.619563978165388,393.59616231614655,150.25254798006563,3127.237993911211,95.32307692307693,51.50769230769231,1091.946153846154,877.0,stage4_power_sweep
resnet18,150.0,16,fp32,2.82399907335639,424.58591075633296,150.34916787408946,2900.850810217729,95.29285714285714,48.65,1136.0357142857142,877.0,stage4_power_sweep
distilbert,150.0,128,fp32,5.165077719837427,771.3418379857742,149.33789573452003,793.0180768178109,99.863813229572,23.357976653696497,1042.8560311284048,877.0,stage4_power_sweep
resnet18,150.0,16,fp16,1.9284522272646427,285.4747007766782,148.03306856172503,4247.966262363525,71.02083333333333,27.45833333333333,1402.59375,877.0,stage4_power_sweep
distilbert,150.0,64,fp16,1.3469913192093372,202.90796522627627,150.63791602263635,3040.8510742328226,92.52542372881356,35.101694915254235,919.6101694915254,877.0,stage4_power_sweep
resnet18,150.0,32,fp16,1.3659723028540611,205.64971117235996,150.55188948024468,5997.193341976,90.68656716417912,39.85074626865672,1204.9850746268658,877.0,stage4_power_sweep
distilbert,150.0,64,fp32,5.440589874982834,816.2444679754974,150.0286709220244,752.8595417262404,99.3811320754717,21.947169811320755,1018.845283018868,877.0,stage4_power_sweep
resnet18,150.0,128,fp16,1.1882891319692137,178.36243086115607,150.10019536707935,6893.945067413308,90.47916666666669,48.8125,1097.5,877.0,stage4_power_sweep
distilbert,150.0,256,fp16,1.2827166356146336,192.45256555617527,150.03513653189555,3193.2227947112715,97.82758620689656,37.41379310344828,881.5,877.0,stage4_power_sweep
distilbert,150.0,16,fp16,1.599930714815855,240.83022656876204,150.52540984343847,2560.1108610952765,82.24050632911393,28.481012658227847,1202.6835443037974,877.0,stage4_power_sweep
distilbert,150.0,32,fp32,5.496753770858049,824.1719718849997,149.93794633015654,745.167087839303,99.74452554744524,22.631386861313867,1062.2481751824816,877.0,stage4_power_sweep
resnet18,150.0,128,fp32,2.36476294323802,355.2627349680597,150.2318598081573,3464.195015159899,97.10309278350516,65.69072164948453,1061.5876288659797,877.0,stage4_power_sweep
resnet18,150.0,8,fp16,3.865468043833971,470.5379499337169,121.7285836017449,2119.27764169918,44.62694300518135,12.694300518134716,1510.9430051813472,877.0,stage4_power_sweep
distilbert,150.0,8,fp16,3.206205490976572,468.1661159867888,146.01874936100586,1277.5226078077756,42.95625,12.5625,1530.0,877.0,stage4_power_sweep
distilbert,150.0,8,fp32,6.499194502830505,974.102195021362,149.8804497383675,630.2319461613474,98.91975308641976,25.46296296296296,1012.7993827160494,877.0,stage4_power_sweep
distilbert,150.0,32,fp32,5.488232314586639,823.7224292944516,150.0888413752384,746.3240922060896,99.5350553505535,22.623616236162363,1065.6678966789668,877.0,stage4_power_sweep
resnet18,150.0,8,fp16,3.862827192991972,468.86379191313847,121.37840200663436,2120.726501786596,44.76041666666666,12.609375,1511.3541666666667,877.0,stage4_power_sweep
distilbert,150.0,256,fp32,5.142784371972084,771.5540937101823,150.02652996985705,796.4557142086287,99.9758064516129,23.97983870967742,1032.5564516129032,877.0,stage4_power_sweep
distilbert,150.0,16,fp32,5.805833991616964,871.4429825867761,150.0978126217614,705.4972646331619,99.42906574394463,27.249134948096884,1044.3910034602077,877.0,stage4_power_sweep
resnet18,150.0,64,fp32,2.460198275744915,369.0292558321976,149.99980264617514,3329.8129182370767,97.04918032786884,65.29508196721312,1075.9590163934429,877.0,stage4_power_sweep
distilbert,150.0,8,fp32,6.486057639122009,974.1704550506224,150.19454177753678,631.5084181944547,98.49056603773585,25.27358490566038,1005.2201257861636,877.0,stage4_power_sweep
resnet18,150.0,8,fp32,3.603476777672768,542.3171822595966,150.4983147441958,2273.3600090772998,96.00558659217876,35.83798882681564,1207.608938547486,877.0,stage4_power_sweep
resnet18,150.0,32,fp32,2.617819670587778,392.2120402253304,149.8239334939626,3129.3217374902883,97.44615384615383,52.61538461538461,1092.0384615384614,877.0,stage4_power_sweep
distilbert,150.0,64,fp16,1.3353377133607864,198.6308141304596,148.74949770612278,3067.3888403040464,97.41666666666669,38.35,945.65,877.0,stage4_power_sweep
resnet18,150.0,64,fp16,1.252246543765068,188.00605452084767,150.13501570990894,6541.842771128373,89.48214285714286,44.767857142857146,1131.696428571429,877.0,stage4_power_sweep
resnet18,150.0,128,fp32,2.3758511170744896,355.7924044150637,149.75366169121304,3448.0275052282063,97.6842105263158,65.7280701754386,1056.5350877192982,877.0,stage4_power_sweep
distilbert,150.0,64,fp32,5.449202079325914,816.5518970278606,149.84797501377872,751.669683078938,99.85074626865672,21.902985074626866,1018.6902985074628,877.0,stage4_power_sweep
distilbert,150.0,128,fp32,5.162701599299908,770.6502287227596,149.2726654640013,793.3830614102201,99.59336099585062,23.24896265560166,1040.0290456431535,877.0,stage4_power_sweep
resnet18,150.0,128,fp16,1.1901030205190182,178.1025003849833,149.65301096984922,6883.437701407876,92.6808510638298,49.93617021276596,1095.4893617021276,877.0,stage4_power_sweep
resnet18,150.0,32,fp16,1.368389893323183,205.9838577013489,150.53009285322173,5986.597854874125,90.94117647058825,39.94117647058823,1204.3088235294117,877.0,stage4_power_sweep
distilbert,150.0,8,fp16,3.206262696534395,461.2446174135992,143.85740067778977,1277.4998144809872,43.075,12.56875,1521.63125,877.0,stage4_power_sweep
resnet18,150.0,256,fp16,1.147507831454277,171.0461747147959,149.05882994979046,7138.94909947411,95.04545454545456,48.65909090909091,994.6363636363636,877.0,stage4_power_sweep
resnet18,150.0,16,fp16,1.9342477209866047,288.86250927861687,149.34101053575304,4235.238284691629,70.67708333333333,27.447916666666668,1414.7083333333333,877.0,stage4_power_sweep
distilbert,150.0,32,fp16,1.389963060617447,208.92384460396383,150.30891864936044,2946.8409025060582,93.78333333333332,36.6,1041.5166666666669,877.0,stage4_power_sweep
distilbert,150.0,16,fp16,1.614878199994564,242.06990602793127,149.89979184110982,2536.4142014015592,82.075,28.5,1201.4375,877.0,stage4_power_sweep
resnet18,150.0,256,fp32,2.3041560612618923,344.6259322476046,149.56709662229522,3555.314736586712,99.00934579439252,64.72897196261682,1025.6915887850466,877.0,stage4_power_sweep
distilbert,150.0,128,fp16,1.3368770480155945,198.181861792828,148.24239976817688,3063.8569239257527,99.84848484848484,38.86363636363637,882.7121212121212,877.0,stage4_power_sweep
resnet18,150.0,16,fp32,2.829578757286072,427.3099738166076,151.0154021040406,2895.1305839803435,96.85714285714286,49.07142857142857,1135.2428571428572,877.0,stage4_power_sweep
distilbert,150.0,256,fp16,1.291932862251997,193.8787071358811,150.0687170368333,3170.443387329099,97.06666666666666,37.38333333333333,893.2,877.0,stage4_power_sweep
distilbert,150.0,32,fp32,5.494910448789597,824.2328557652479,149.99932454710114,745.4170615104847,99.63970588235294,22.602941176470587,1062.6213235294117,877.0,stage4_power_sweep
distilbert,150.0,8,fp32,6.496958535164595,974.84563730246,150.04646128278904,630.4488443062276,99.14197530864196,25.62962962962963,1012.7314814814816,877.0,stage4_power_sweep
resnet18,150.0,32,fp16,1.3690780736505983,205.50441825226036,150.10423598728013,5983.588633595103,90.41176470588236,39.95588235294117,1204.4411764705883,877.0,stage4_power_sweep
distilbert,150.0,256,fp16,1.3046532347798347,192.24723873086504,147.3550470009048,3139.5315558246525,97.609375,36.1875,854.015625,877.0,stage4_power_sweep
resnet18,150.0,128,fp32,2.36878402158618,355.75390416294243,150.1841877186943,3458.3144454488897,97.1896551724138,66.49137931034483,1075.344827586207,877.0,stage4_power_sweep
resnet18,150.0,32,fp32,2.611248880624771,393.2111670886966,150.58356559050637,3137.19617489696,96.7,52.246153846153845,1094.8692307692309,877.0,stage4_power_sweep
resnet18,150.0,64,fp32,2.453619372099638,368.5271785800833,150.19737077830587,3338.7411646452124,97.57264957264957,66.17094017094017,1082.4273504273503,877.0,stage4_power_sweep
resnet18,150.0,16,fp32,2.825960647314787,426.12425578019065,150.78916834354777,2898.837253018366,96.08510638297872,49.06382978723404,1136.5886524822697,877.0,stage4_power_sweep
distilbert,150.0,64,fp32,5.452651746571064,816.6385395157859,149.76906237031082,751.1941327585787,99.82022471910112,21.797752808988765,1013.2397003745318,877.0,stage4_power_sweep
distilbert,150.0,16,fp32,5.816017147153616,869.8726909132988,149.56501483820733,704.2620226806931,99.26501766784452,26.939929328621908,1036.0282685512368,877.0,stage4_power_sweep
resnet18,150.0,128,fp16,1.1887990199029446,179.2425919366984,150.77619423957134,6890.9881845871705,94.84615384615384,51.17948717948718,1092.7692307692307,877.0,stage4_power_sweep
resnet18,150.0,16,fp16,1.926914356648922,285.0657555808668,147.93898576614575,4251.356564827628,71.40625,27.48958333333333,1399.4583333333333,877.0,stage4_power_sweep
resnet18,150.0,8,fp16,3.847276400774717,477.45110622100856,124.10106695865817,2129.29853398378,44.46875,12.598958333333334,1528.59375,877.0,stage4_power_sweep
distilbert,150.0,8,fp16,3.207700204104185,468.7577026465064,146.1351350873566,1276.927312209306,42.75,12.5375,1530.0,877.0,stage4_power_sweep
resnet18,150.0,256,fp16,1.1453869864344597,173.27768171082084,151.283089264203,7152.167867299892,97.525,49.35,977.025,877.0,stage4_power_sweep
distilbert,150.0,32,fp16,1.3916539661586285,210.0115139285595,150.9078542766293,2943.2603934627205,92.83823529411764,36.26470588235294,1038.6323529411766,877.0,stage4_power_sweep
resnet18,150.0,64,fp16,1.253701228648424,188.88974788685832,150.66567980514338,6534.252190876081,92.72131147540983,46.40983606557377,1131.622950819672,877.0,stage4_power_sweep
resnet18,150.0,256,fp32,2.30052062869072,343.88509644168414,149.48142266274624,3560.93307655418,98.26732673267328,64.20792079207921,1020.980198019802,877.0,stage4_power_sweep
distilbert,150.0,16,fp16,1.6058426350355148,242.2998495644094,150.8864220428739,2550.6857961268497,81.9125,28.475,1202.3375,877.0,stage4_power_sweep
distilbert,150.0,64,fp16,1.3375805653631687,201.94630736813843,150.9787990327952,3062.245449781852,95.69090909090907,35.67272727272727,887.1272727272727,877.0,stage4_power_sweep
resnet18,150.0,8,fp32,3.6025442965328693,541.8723514554811,150.41379282330695,2273.9484446822976,96.16201117318435,35.58659217877095,1205.6312849162011,877.0,stage4_power_sweep
distilbert,150.0,128,fp32,5.169393189251423,771.7954197603594,149.30097044371328,792.3560561260266,99.9182879377432,23.42412451361868,1041.6186770428017,877.0,stage4_power_sweep
distilbert,150.0,128,fp16,1.3181797936558723,199.24177550375015,151.14916528280875,3107.315117189024,95.81967213114754,36.950819672131146,882.8032786885246,877.0,stage4_power_sweep
distilbert,150.0,256,fp32,5.136954050511122,773.5198884230497,150.57948364285744,797.3596726239847,99.3119658119658,23.77777777777778,1032.7008547008547,877.0,stage4_power_sweep
distilbert,175.0,16,fp32,5.304777432233095,926.0430091312788,174.56774029847514,772.1341851425708,99.11698113207548,29.61132075471698,1148.7584905660378,877.0,stage4_power_sweep
resnet18,175.0,8,fp32,3.3625976331532,587.7565990595347,174.79242632677975,2436.211790322988,95.62874251497006,38.09580838323353,1316.4730538922156,877.0,stage4_power_sweep
distilbert,175.0,32,fp16,1.2781317420303822,224.04602694656984,175.29181036585516,3204.677472052513,91.4920634920635,39.285714285714285,1169.0,877.0,stage4_power_sweep
resnet18,175.0,64,fp16,1.1656151488423347,203.6064537609357,174.67725429199635,7028.048672957046,90.6206896551724,48.43103448275862,1251.1206896551723,877.0,stage4_power_sweep
resnet18,175.0,64,fp32,2.2845832742750645,400.14859619558047,175.1516789522825,3585.774303893324,96.07964601769912,69.86725663716814,1218.8407079646015,877.0,stage4_power_sweep
resnet18,175.0,256,fp16,1.0573437921702862,184.88811346930996,174.860924931343,7747.716552234385,96.76923076923076,57.38461538461539,1186.423076923077,877.0,stage4_power_sweep
distilbert,175.0,256,fp32,4.690342631191015,819.7539506807452,174.77485444865798,873.2837496266037,99.6923076923077,26.05555555555556,1141.388888888889,877.0,stage4_power_sweep
distilbert,175.0,128,fp16,1.146016638725996,199.78934054262615,174.33371714805818,3574.119137182373,94.73170731707316,43.31707317073171,1080.780487804878,877.0,stage4_power_sweep
resnet18,175.0,256,fp32,2.1297429278492928,371.7978915578125,174.5740702767682,3846.4736249987873,99.6095238095238,72.23809523809524,1184.5809523809523,877.0,stage4_power_sweep
resnet18,175.0,32,fp32,2.412826120853424,422.5056401841735,175.10820051746288,3395.1887080460087,95.075,55.55833333333333,1222.7666666666669,877.0,stage4_power_sweep
resnet18,175.0,16,fp32,2.621988534927368,461.569393305388,176.0379144137539,3124.3462322107093,95.15384615384616,52.0,1260.2384615384617,877.0,stage4_power_sweep
distilbert,175.0,128,fp32,4.721747018396854,822.0313055558535,174.0947370439496,867.4755305697613,99.95744680851064,25.582978723404256,1151.2808510638297,877.0,stage4_power_sweep
resnet18,175.0,16,fp16,1.935395285487175,329.21146660032457,170.10037642902282,4232.72706171645,66.51041666666667,27.260416666666668,1522.8541666666667,877.0,stage4_power_sweep
distilbert,175.0,64,fp16,1.1983325369656086,209.12888416016528,174.51657007471138,3418.0829391245616,93.03389830508476,41.88135593220339,1107.949152542373,877.0,stage4_power_sweep
resnet18,175.0,32,fp16,1.2848939523100853,222.3875394296547,173.07851673659803,6375.623439795764,90.07936507936508,42.3015873015873,1317.015873015873,877.0,stage4_power_sweep
distilbert,175.0,64,fp32,4.967289738357067,867.9425237439059,174.7316080722479,824.594540634699,99.93548387096774,24.024193548387096,1127.157258064516,877.0,stage4_power_sweep
resnet18,175.0,128,fp16,1.1031646877527237,192.6247163125376,174.61102449257763,7425.908471280084,91.79629629629628,53.87037037037037,1224.611111111111,877.0,stage4_power_sweep
distilbert,175.0,256,fp16,1.1195190586149693,197.05542571545124,176.01792859090892,3658.7139526391193,96.17948717948718,44.02564102564103,1083.974358974359,877.0,stage4_power_sweep
distilbert,175.0,16,fp16,1.595548436045647,276.6139022693385,173.36603265701484,2567.1423740362206,75.46835443037975,28.518987341772156,1345.7088607594935,877.0,stage4_power_sweep
distilbert,175.0,32,fp32,5.05950241535902,884.0963597438163,174.73978410603866,809.5657761849985,99.3968253968254,24.38888888888889,1170.4563492063492,877.0,stage4_power_sweep
resnet18,175.0,128,fp32,2.192148689180613,383.7838107308284,175.07197966314965,3736.972788584897,97.4862385321101,71.8440366972477,1206.8073394495414,877.0,stage4_power_sweep
resnet18,175.0,8,fp16,3.861937567591667,477.9163633104207,123.7504115346051,2121.215026556888,44.364583333333336,12.635416666666666,1526.4270833333333,877.0,stage4_power_sweep
distilbert,175.0,8,fp16,3.2045938372612,468.18089588118,146.09679717830008,1278.1650992316202,42.9875,12.49375,1530.0,877.0,stage4_power_sweep
distilbert,175.0,8,fp32,5.893260307610035,1030.1143557314049,174.79532584047007,695.0312367350867,98.46575342465754,27.92808219178082,1123.6061643835617,877.0,stage4_power_sweep
distilbert,175.0,32,fp32,5.057393528521061,884.4630564810928,174.8851560577959,809.9033577080164,99.46031746031746,24.40079365079365,1170.3015873015872,877.0,stage4_power_sweep
resnet18,175.0,8,fp16,3.858131565153599,474.7255074759949,123.04544297132988,2123.3075807962664,44.796875,12.708333333333334,1520.7447916666667,877.0,stage4_power_sweep
distilbert,175.0,256,fp32,4.697443403303623,820.7455071817997,174.72174472705404,871.9636722220773,99.84482758620688,26.17241379310345,1140.469827586207,877.0,stage4_power_sweep
distilbert,175.0,16,fp32,5.309183165431023,927.636145320694,174.72295010665442,771.4934430346535,99.12878787878788,29.571969696969692,1147.814393939394,877.0,stage4_power_sweep
resnet18,175.0,64,fp32,2.2810285463929176,399.110649130598,174.96959858820168,3591.3623321173864,97.09734513274336,70.4424778761062,1218.2212389380531,877.0,stage4_power_sweep
distilbert,175.0,8,fp32,5.888026747852564,1029.8435743268606,174.90470380462477,695.6490137368792,98.06484641638224,27.901023890784984,1125.6143344709897,877.0,stage4_power_sweep
resnet18,175.0,8,fp32,3.372755005955696,587.170945489516,174.09237980602646,2428.874906577667,95.27380952380952,38.0,1316.4166666666667,877.0,stage4_power_sweep
resnet18,175.0,32,fp32,2.4152382537722588,424.1518186155706,175.61489759989755,3391.7978846208075,95.26666666666668,55.84166666666667,1225.125,877.0,stage4_power_sweep
distilbert,175.0,64,fp16,1.2008823864161968,209.03429063809125,174.06724672006723,3410.8252784219167,94.10169491525424,42.35593220338984,1105.4915254237287,877.0,stage4_power_sweep
resnet18,175.0,64,fp16,1.1651315167546272,203.5388551944293,174.69174274966753,7030.9659314839455,90.4561403508772,48.43859649122807,1252.421052631579,877.0,stage4_power_sweep
resnet18,175.0,128,fp32,2.202890384942293,386.4495307784776,175.42839780863673,3718.7506269017545,97.45871559633028,71.56880733944953,1208.97247706422,877.0,stage4_power_sweep
distilbert,175.0,64,fp32,4.966802902519703,867.3190287177235,174.62320243827773,824.6753657009549,99.87044534412956,24.008097165991902,1128.0445344129555,877.0,stage4_power_sweep
distilbert,175.0,128,fp32,4.721371188759804,823.1105676856278,174.3371861219495,867.5445831819729,99.86382978723404,25.6,1151.931914893617,877.0,stage4_power_sweep
resnet18,175.0,128,fp16,1.1049097180366516,192.03394931492144,173.80057952259895,7414.180422411904,91.43396226415096,53.264150943396224,1216.566037735849,877.0,stage4_power_sweep
resnet18,175.0,32,fp16,1.281384490430355,224.1040976078468,174.89215710155904,6393.085027311907,89.42857142857143,41.96825396825397,1321.015873015873,877.0,stage4_power_sweep
distilbert,175.0,8,fp16,3.2094436325132847,463.3976141620929,144.3856528488742,1276.2336619672803,43.05,12.6,1525.78125,877.0,stage4_power_sweep
resnet18,175.0,256,fp16,1.0565535239875317,183.942525139403,174.09674092533118,7753.511595969721,98.15384615384616,58.11538461538461,1184.9615384615386,877.0,stage4_power_sweep
resnet18,175.0,16,fp16,1.9317462481558323,320.77047469625614,166.0520759403488,4240.722614484487,67.32291666666667,27.53125,1505.5208333333333,877.0,stage4_power_sweep
distilbert,175.0,32,fp16,1.2807028144598007,226.28194077952287,176.68575271693174,3198.243928063584,91.41269841269842,39.06349206349206,1169.079365079365,877.0,stage4_power_sweep
distilbert,175.0,16,fp16,1.5982645750045776,277.22837633011034,173.45587249177208,2562.779694962749,75.44303797468355,28.43037974683544,1349.113924050633,877.0,stage4_power_sweep
resnet18,175.0,256,fp32,2.125129919499159,371.9113415426785,175.00640225814,3854.8231450859503,99.44761904761904,71.8,1179.3142857142857,877.0,stage4_power_sweep
distilbert,175.0,128,fp16,1.1545116268098354,200.886496822264,174.00127652014794,3547.8204852021554,99.29824561403508,45.175438596491226,1065.2105263157894,877.0,stage4_power_sweep
resnet18,175.0,16,fp32,2.628668889403343,461.74079445030463,175.65574588403595,3116.4061906098127,95.1145038167939,51.51908396946565,1261.351145038168,877.0,stage4_power_sweep
distilbert,175.0,256,fp16,1.1241950504481792,196.7983023424784,175.05707952016107,3643.4958492007777,99.63636363636364,45.6,1081.9818181818182,877.0,stage4_power_sweep
distilbert,175.0,32,fp32,5.059350918978453,884.7936674254236,174.88284200774012,809.5900176908532,99.57142857142856,24.5,1170.0357142857142,877.0,stage4_power_sweep
distilbert,175.0,8,fp32,5.887064963579178,1030.2689285359331,175.00553075425165,695.7626636261444,98.39795918367346,27.887755102040817,1124.9727891156465,877.0,stage4_power_sweep
resnet18,175.0,32,fp16,1.284423265606165,223.17305889399276,173.75351636025485,6377.9598356418,90.34920634920636,42.58730158730159,1317.84126984127,877.0,stage4_power_sweep
distilbert,175.0,256,fp16,1.1238470897078514,198.07423135529567,176.24660255763607,3644.623932838383,96.8627450980392,44.23529411764706,1082.078431372549,877.0,stage4_power_sweep
resnet18,175.0,128,fp32,2.200913812965154,382.879321784644,173.9637960965016,3722.090320730655,97.6788990825688,71.74311926605505,1209.532110091743,877.0,stage4_power_sweep
resnet18,175.0,32,fp32,2.415035516023636,422.8843475210588,175.10481511151409,3392.082619757144,95.15833333333332,55.53333333333333,1221.8083333333334,877.0,stage4_power_sweep
resnet18,175.0,64,fp32,2.2848252840340137,399.86715191790825,175.00994702400865,3585.3944970078715,97.09821428571428,70.22321428571429,1215.7232142857142,877.0,stage4_power_sweep
resnet18,175.0,16,fp32,2.6257120594382286,461.0169005431643,175.57785854165553,3119.915594154173,95.25384615384615,51.86923076923077,1257.4846153846154,877.0,stage4_power_sweep
distilbert,175.0,64,fp32,4.967435967177153,867.3607053615052,174.60933791450577,824.570266645558,99.89068825910933,24.004048582995956,1127.2267206477734,877.0,stage4_power_sweep
distilbert,175.0,16,fp32,5.309335641562939,929.2328305125512,175.01866396207114,771.4712869036545,98.43018867924528,29.29811320754717,1147.8528301886793,877.0,stage4_power_sweep
resnet18,175.0,128,fp16,1.104895506054163,193.11000214168715,174.77671063332275,7414.275789079389,94.10909090909092,54.763636363636365,1218.9272727272728,877.0,stage4_power_sweep
resnet18,175.0,16,fp16,1.9458226263523104,328.5039717477512,168.82523992619682,4210.044579118157,66.57731958762886,27.27835051546392,1514.7113402061857,877.0,stage4_power_sweep
resnet18,175.0,8,fp16,3.8399153612554073,481.7358325123293,125.45480490872912,2133.3803558945474,44.49214659685864,12.602094240837696,1530.0,877.0,stage4_power_sweep
distilbert,175.0,8,fp16,3.204601921141148,469.2501795480163,146.43009992982778,1278.1618749518282,43.1,12.55625,1530.0,877.0,stage4_power_sweep
resnet18,175.0,256,fp16,1.0564815290272236,184.8480341116193,174.9657036425633,7754.039966550998,98.26923076923076,58.11538461538461,1185.8461538461538,877.0,stage4_power_sweep
distilbert,175.0,32,fp16,1.275937236845493,223.17152364718015,174.907916473171,3210.1892489058187,91.3015873015873,38.84126984126984,1165.015873015873,877.0,stage4_power_sweep
resnet18,175.0,64,fp16,1.1671915836632252,203.7472706801563,174.56197725543606,7018.55643465955,90.3859649122807,48.35087719298246,1249.9122807017543,877.0,stage4_power_sweep
resnet18,175.0,256,fp32,2.130938049405813,372.4884806921245,174.8002391697818,3844.3163574296505,99.64423076923076,71.99038461538461,1176.5961538461538,877.0,stage4_power_sweep
distilbert,175.0,16,fp16,1.5953877940773964,277.3183967609439,173.82507111464744,2567.4008634174697,75.39240506329114,28.088607594936708,1348.2151898734178,877.0,stage4_power_sweep
distilbert,175.0,64,fp16,1.1982010900974274,208.48096908507333,173.99497530762676,3418.457914828761,91.76271186440678,41.30508474576271,1110.1016949152545,877.0,stage4_power_sweep
resnet18,175.0,8,fp32,3.3721134662628174,586.7685184437812,174.00616091785133,2429.336996503524,95.9047619047619,37.767857142857146,1314.6130952380952,877.0,stage4_power_sweep
distilbert,175.0,128,fp32,4.724997621029615,824.8919380821542,174.58039225475918,866.8787433394407,99.84745762711864,25.54661016949153,1149.8559322033898,877.0,stage4_power_sweep
distilbert,175.0,128,fp16,1.144757892936468,201.5117839921556,176.0300455105393,3578.0491449534125,95.0,43.52173913043478,1081.391304347826,877.0,stage4_power_sweep
distilbert,175.0,256,fp32,4.700570873916149,820.7226788678441,174.60063913132365,871.3835212503736,99.92307692307692,26.123931623931625,1139.0,877.0,stage4_power_sweep
distilbert,200.0,16,fp32,4.957807011902332,991.03286475881,199.8933928609186,826.1717308008621,98.834008097166,31.562753036437247,1240.3927125506073,877.0,stage4_power_sweep
resnet18,200.0,8,fp32,3.3185412734746933,658.0134793344573,198.283952227444,2468.554501786422,91.0969696969697,38.70909090909091,1434.7636363636364,877.0,stage4_power_sweep
distilbert,200.0,32,fp16,1.2043746747076511,240.48982506611864,199.68024080587293,3400.935013013504,90.8,40.8,1270.1,877.0,stage4_power_sweep
resnet18,200.0,64,fp16,1.1127819940447807,222.17714397726556,199.65918317000072,7361.729470678635,89.52727272727273,50.054545454545455,1349.6181818181817,877.0,stage4_power_sweep
resnet18,200.0,64,fp32,2.183744356036186,434.4062018871766,198.9272236406312,3751.35485861984,95.72222222222224,72.47222222222223,1323.0,877.0,stage4_power_sweep
resnet18,200.0,256,fp16,1.0004889778792858,199.19529815011515,199.0979436598542,8187.996250957606,95.12244897959184,59.48979591836735,1287.938775510204,877.0,stage4_power_sweep
distilbert,200.0,256,fp32,4.380323991179466,874.7192481523942,199.69281950691123,935.090648145662,99.63302752293578,28.022935779816518,1233.6559633027523,877.0,stage4_power_sweep
distilbert,200.0,128,fp16,1.0744252353906631,214.47707916260285,199.6202919457849,3812.27084498875,96.40384615384616,47.21153846153846,1175.1346153846157,877.0,stage4_power_sweep
resnet18,200.0,256,fp32,2.0239158794283867,403.7586022583858,199.49376669371213,4047.599054518838,99.29702970297028,75.36633663366337,1293.7623762376238,877.0,stage4_power_sweep
resnet18,200.0,32,fp32,2.293284110724926,457.9080765749844,199.67350509843104,3572.1696939723884,94.859649122807,58.20175438596491,1321.7105263157894,877.0,stage4_power_sweep
resnet18,200.0,16,fp32,2.4953410737216477,497.87243657184985,199.52079570000575,3282.91794908106,94.58064516129032,53.96774193548387,1357.8306451612902,877.0,stage4_power_sweep
distilbert,200.0,128,fp32,4.408871352672577,878.8214383539018,199.3302521338429,929.035953275679,99.63636363636364,27.15909090909091,1242.4681818181818,877.0,stage4_power_sweep
resnet18,200.0,16,fp16,1.911270972341299,322.5808862629094,168.7782061942526,4286.153098409083,68.21052631578948,27.989473684210527,1503.5473684210526,877.0,stage4_power_sweep
distilbert,200.0,64,fp16,1.1287042424082756,226.45618584522265,200.633768649652,3628.940023526901,92.58181818181818,44.41818181818182,1211.3818181818183,877.0,stage4_power_sweep
resnet18,200.0,32,fp16,1.22824152931571,241.58727534287823,196.69362220431816,6669.697941710217,89.91803278688525,44.62295081967213,1415.0,877.0,stage4_power_sweep
distilbert,200.0,64,fp32,4.639602690935135,928.1453205022722,200.04844861299964,882.8342150940582,99.82683982683984,25.8008658008658,1220.5584415584417,877.0,stage4_power_sweep
resnet18,200.0,128,fp16,1.049807883799076,208.8942026034605,198.9832671550417,7803.332520569903,91.28846153846152,55.88461538461539,1318.9807692307693,877.0,stage4_power_sweep
distilbert,200.0,256,fp16,1.0548423789441586,211.06809261684495,200.0944376430088,3883.044596767035,98.78846153846152,48.26923076923077,1183.3461538461538,877.0,stage4_power_sweep
distilbert,200.0,16,fp16,1.5807242877781391,310.22213382866323,196.25315826880248,2591.2172234395944,72.2948717948718,28.884615384615383,1475.371794871795,877.0,stage4_power_sweep
distilbert,200.0,32,fp32,4.745810821652412,947.6406566469462,199.6793998453132,863.0769649123605,99.17299578059072,25.89873417721519,1262.261603375527,877.0,stage4_power_sweep
resnet18,200.0,128,fp32,2.0928476601839066,415.9701835146589,198.75798483971167,3914.283947107807,97.48076923076924,74.77884615384616,1316.625,877.0,stage4_power_sweep
resnet18,200.0,8,fp16,3.81465233117342,473.6417077142149,124.1637943892304,2147.5089441453947,44.8,12.657894736842104,1521.7947368421053,877.0,stage4_power_sweep
distilbert,200.0,8,fp16,3.1712675504386425,466.9563529788476,147.2459657067595,1291.5971089961963,43.29113924050633,12.556962025316457,1530.0,877.0,stage4_power_sweep
distilbert,200.0,8,fp32,5.503076907247305,1101.6472148972002,200.18750118617828,744.3108771759581,98.04761904761904,29.83516483516484,1215.6849816849815,877.0,stage4_power_sweep
distilbert,200.0,32,fp32,4.741474244743586,947.7562723597644,199.88641157556643,863.8663395758903,99.92372881355932,26.09322033898305,1262.4237288135594,877.0,stage4_power_sweep
resnet18,200.0,8,fp16,3.8057516738772392,471.28251175738274,123.83427825632344,2152.531405616941,44.857894736842105,12.652631578947368,1517.4736842105262,877.0,stage4_power_sweep
distilbert,200.0,256,fp32,4.385219387710095,875.1217669546418,199.56168428134657,934.0467688981188,99.9269406392694,27.94977168949772,1231.429223744292,877.0,stage4_power_sweep
distilbert,200.0,16,fp32,4.963466718792915,991.132236611468,199.68548048459672,825.2296695153669,98.33603238866397,31.36032388663968,1239.6194331983806,877.0,stage4_power_sweep
resnet18,200.0,64,fp32,2.182595081627369,435.142737023349,199.36942985269687,3753.3301843106633,95.9074074074074,72.47222222222223,1324.5555555555557,877.0,stage4_power_sweep
distilbert,200.0,8,fp32,5.497247748076916,1099.2657370977895,199.96656280997016,745.1001278654196,98.15328467153284,29.861313868613134,1215.970802919708,877.0,stage4_power_sweep
resnet18,200.0,8,fp32,3.3189867064356804,657.7646322182807,198.18236419653093,2468.223203219014,91.15151515151516,38.76969696969697,1431.8060606060606,877.0,stage4_power_sweep
resnet18,200.0,32,fp32,2.294617265462876,457.9751954120525,199.58674690773267,3570.0942912357505,95.23684210526316,58.35087719298246,1320.201754385965,877.0,stage4_power_sweep
distilbert,200.0,64,fp16,1.1276862919330597,225.7440030809844,200.18333529089733,3632.215829261088,93.48148148148148,44.851851851851855,1210.2037037037037,877.0,stage4_power_sweep
resnet18,200.0,64,fp16,1.112802688032389,220.39956271158732,198.0580790124516,7361.592569914396,90.61818181818182,51.10909090909091,1353.5454545454545,877.0,stage4_power_sweep
resnet18,200.0,128,fp32,2.09931218996644,417.9455981090287,199.08692004294517,3902.230472986944,97.03846153846152,74.375,1318.4134615384614,877.0,stage4_power_sweep
distilbert,200.0,64,fp32,4.639557827264071,926.6736876118568,199.73319055672007,882.842751938582,99.72727272727272,25.675324675324678,1219.8831168831168,877.0,stage4_power_sweep
distilbert,200.0,128,fp32,4.414952918887138,880.6077180097552,199.46027379873556,927.756212864092,99.74429223744292,27.200913242009133,1241.2785388127854,877.0,stage4_power_sweep
resnet18,200.0,128,fp16,1.0514141507446766,209.59206875820408,199.3430168404696,7791.411209558021,91.1923076923077,55.53846153846154,1313.4423076923076,877.0,stage4_power_sweep
resnet18,200.0,32,fp16,1.224500458687544,243.8963898847806,199.18031729134347,6690.075076640175,89.11475409836065,43.77049180327869,1420.8688524590164,877.0,stage4_power_sweep
distilbert,200.0,8,fp16,3.214940298348665,467.5582447038647,145.43294783546156,1274.051652562222,42.84375,12.525,1529.0625,877.0,stage4_power_sweep
resnet18,200.0,256,fp16,1.0007788725197315,200.04087523529415,199.88519015358224,8185.624442065233,97.93877551020408,61.285714285714285,1288.6938775510205,877.0,stage4_power_sweep
resnet18,200.0,16,fp16,1.9286661855876448,330.8444712588955,171.54055674911447,4247.495010394441,66.8125,27.25,1521.8333333333333,877.0,stage4_power_sweep
distilbert,200.0,32,fp16,1.205942586064339,242.65197407148648,201.21353775505585,3396.5132729639527,90.86666666666666,41.266666666666666,1271.95,877.0,stage4_power_sweep
distilbert,200.0,16,fp16,1.6018930710852146,309.71644373523657,193.34401860257552,2556.974665746656,72.07594936708861,28.848101265822784,1470.0379746835442,877.0,stage4_power_sweep
resnet18,200.0,256,fp32,2.0202618055045605,403.14360395264686,199.55017852350167,4054.919999813612,99.68,75.25,1290.78,877.0,stage4_power_sweep
distilbert,200.0,128,fp16,1.073166873306036,215.00654275721897,200.3477260669277,3816.740995164822,98.6153846153846,48.59615384615385,1184.0,877.0,stage4_power_sweep
resnet18,200.0,16,fp32,2.5114989951252937,497.462525808724,198.07394977034684,3261.797044673441,94.528,53.592,1356.632,877.0,stage4_power_sweep
distilbert,200.0,256,fp16,1.0554250665009022,210.01148691080007,198.98284925812928,3880.900814284857,99.53846153846152,48.46153846153846,1181.076923076923,877.0,stage4_power_sweep
distilbert,200.0,32,fp32,4.743361756205559,947.2536702106638,199.7009123268762,863.5225838808013,99.16949152542372,25.944915254237287,1262.8601694915253,877.0,stage4_power_sweep
distilbert,200.0,8,fp32,5.501626428216696,1099.4368588540203,199.8385156097182,744.5071113866381,97.92700729927007,29.631386861313867,1214.2481751824816,877.0,stage4_power_sweep
resnet18,200.0,32,fp16,1.225818295031786,243.51286564828197,198.65331316658768,6682.882800168664,89.37704918032787,44.16393442622951,1421.7868852459017,877.0,stage4_power_sweep
distilbert,200.0,256,fp16,1.0540831945836544,211.66740635026548,200.80711602073367,3885.841289422941,99.03846153846152,48.05769230769231,1171.6153846153843,877.0,stage4_power_sweep
resnet18,200.0,128,fp32,2.0991464406251907,417.6006197558031,198.93829781186145,3902.5385944775576,98.09615384615384,75.3076923076923,1318.9134615384614,877.0,stage4_power_sweep
resnet18,200.0,32,fp32,2.2940862961113453,456.7862203139582,199.1146632488265,3570.9205943499496,95.05263157894736,58.60526315789474,1320.5701754385964,877.0,stage4_power_sweep
resnet18,200.0,64,fp32,2.1854074858129025,434.6434495877595,198.88439680441832,3748.500018042555,96.05555555555556,72.5,1321.1944444444443,877.0,stage4_power_sweep
resnet18,200.0,16,fp32,2.5002350099384785,497.5790976161803,199.0129310398001,3276.49199672697,94.60483870967742,53.983870967741936,1352.5967741935483,877.0,stage4_power_sweep
distilbert,200.0,64,fp32,4.6421842984855175,926.2715498665456,199.5335579780268,882.343254087584,99.61904761904762,25.675324675324678,1217.95670995671,877.0,stage4_power_sweep
distilbert,200.0,16,fp32,4.964765258133411,991.5594550453776,199.71930262382065,825.0138298663412,98.28225806451611,31.358870967741936,1239.8709677419354,877.0,stage4_power_sweep
resnet18,200.0,128,fp16,1.050844106823206,208.9213900798947,198.81292450835775,7795.637760928342,93.1346153846154,56.75,1317.076923076923,877.0,stage4_power_sweep
resnet18,200.0,16,fp16,1.926605902612209,332.4242186099113,172.54396353669964,4252.0372167929045,66.6875,27.166666666666668,1521.8333333333333,877.0,stage4_power_sweep
resnet18,200.0,8,fp16,3.841798562556505,484.6390790258047,126.14900837052323,2132.334599695585,44.38743455497382,12.612565445026178,1530.0,877.0,stage4_power_sweep
distilbert,200.0,8,fp16,3.201770309358835,471.2817469009415,147.1941149317851,1279.2922677892648,43.18867924528302,12.547169811320757,1530.0,877.0,stage4_power_sweep
resnet18,200.0,256,fp16,1.001963950693607,198.9142184462615,198.52432645761712,8175.942851366165,97.0,60.55102040816327,1284.734693877551,877.0,stage4_power_sweep
distilbert,200.0,32,fp16,1.2052731812000277,240.14492381297404,199.2452230405345,3398.39968555662,90.6,41.1,1267.9333333333334,877.0,stage4_power_sweep
resnet18,200.0,64,fp16,1.1118566617369652,222.48576441357795,200.1029198008367,7367.856201178208,90.2909090909091,50.58181818181818,1351.5272727272727,877.0,stage4_power_sweep
resnet18,200.0,256,fp32,2.0201787538826466,402.0999612642394,199.04177315568268,4055.086701736434,98.92,74.64,1291.55,877.0,stage4_power_sweep
distilbert,200.0,16,fp16,1.6140111088752749,316.44871482096187,196.06352960078416,2537.7768328089774,70.625,28.7,1493.1875,877.0,stage4_power_sweep
distilbert,200.0,64,fp16,1.125933114439249,225.10716505278708,199.92942934705115,3637.871510724631,92.23636363636363,43.90909090909091,1210.8727272727272,877.0,stage4_power_sweep
resnet18,200.0,8,fp32,3.388481441885233,669.3830320887279,197.54661300913205,2417.602144352385,89.23076923076923,37.80473372781065,1445.319526627219,877.0,stage4_power_sweep
distilbert,200.0,128,fp32,4.410618845373392,879.4585065893791,199.3957168871903,928.6678680694846,99.74429223744292,27.187214611872147,1241.5479452054794,877.0,stage4_power_sweep
distilbert,200.0,128,fp16,1.073416732251644,213.71172649978408,199.0948343533768,3815.8525733133097,98.09433962264151,48.0377358490566,1177.2264150943397,877.0,stage4_power_sweep
distilbert,200.0,256,fp32,4.384330466389656,875.494285886361,199.6871113156076,934.2361465222564,99.87614678899082,27.94954128440367,1231.51376146789,877.0,stage4_power_sweep
distilbert,225.0,16,fp32,4.696724932640791,1052.8070940419184,224.1577075815604,872.0970588535134,98.3846153846154,33.11538461538461,1311.662393162393,877.0,stage4_power_sweep
resnet18,225.0,8,fp32,3.3550427928566933,733.9363355547152,218.75617715438912,2441.6976193095943,87.11976047904191,38.58682634730539,1516.5928143712574,877.0,stage4_power_sweep
distilbert,225.0,32,fp16,1.1555493883788586,259.2472154644528,224.3497491943252,3544.6343022571746,90.01754385964912,42.29824561403509,1365.5263157894738,877.0,stage4_power_sweep
resnet18,225.0,64,fp16,1.073063142597675,238.9273296933033,222.6591522982582,7634.219902631988,89.13207547169812,52.20754716981132,1460.811320754717,877.0,stage4_power_sweep
resnet18,225.0,64,fp32,2.113935261964798,473.7104668612876,224.0893916595143,3875.236932462133,96.15238095238097,75.11428571428571,1422.190476190476,877.0,stage4_power_sweep
resnet18,225.0,256,fp16,0.9612535983324052,216.19828863770545,224.9128523552671,8522.204769076116,97.55319148936172,63.42553191489362,1390.8297872340424,877.0,stage4_power_sweep
distilbert,225.0,256,fp32,4.15577444806695,930.7726480334862,223.9709251945647,985.6165321737436,99.76699029126212,29.466019417475728,1308.868932038835,877.0,stage4_power_sweep
distilbert,225.0,128,fp16,1.0252593234181404,230.83429956907813,225.14723279910615,3995.086810178163,97.05882352941175,49.5686274509804,1260.2549019607843,877.0,stage4_power_sweep
resnet18,225.0,256,fp32,1.9654612988233569,433.4758812555394,220.54663783766392,4167.978278129528,99.08247422680412,77.23711340206185,1377.6494845360826,877.0,stage4_power_sweep
resnet18,225.0,32,fp32,2.2088064178824425,494.5747432985324,223.91040667686735,3708.790382750507,94.54545454545456,60.17272727272727,1410.409090909091,877.0,stage4_power_sweep
resnet18,225.0,16,fp32,2.4072379246354103,537.5452461451766,223.30374602526703,3403.070347207464,94.65546218487395,56.142857142857146,1445.420168067227,877.0,stage4_power_sweep
distilbert,225.0,128,fp32,4.185061473399401,938.5562128393852,224.2634233224354,978.7191958910322,99.92344497607657,28.669856459330145,1317.909090909091,877.0,stage4_power_sweep
resnet18,225.0,16,fp16,1.9304672256112096,331.1831093691487,171.55593473714222,4243.532286545974,66.27083333333333,27.197916666666668,1522.21875,877.0,stage4_power_sweep
distilbert,225.0,64,fp16,1.0782477781176567,241.57390157394576,224.04303210869736,3798.7557991082185,92.24528301886792,45.9622641509434,1298.7169811320755,877.0,stage4_power_sweep
resnet18,225.0,32,fp16,1.1900874264538288,260.26337124691486,218.6926485077121,6883.52789711439,89.69491525423729,46.08474576271186,1504.8305084745762,877.0,stage4_power_sweep
distilbert,225.0,64,fp32,4.402803182601929,988.8068642500608,224.58575213114676,930.3163984676196,99.74429223744292,27.10958904109589,1296.4566210045662,877.0,stage4_power_sweep
resnet18,225.0,128,fp16,1.0171069502830503,224.00622585279416,220.23861481868303,8054.216911722262,93.04,59.66,1410.3,877.0,stage4_power_sweep
distilbert,225.0,256,fp16,1.0031755715608597,227.27596268936892,226.5565162594081,4083.034033242015,99.68,50.94,1267.98,877.0,stage4_power_sweep
distilbert,225.0,16,fp16,1.5944702215492723,331.62251877306403,207.9828862848513,2568.878330019928,70.48101265822785,28.78481012658228,1518.8354430379748,877.0,stage4_power_sweep
distilbert,225.0,32,fp32,4.516244079917669,1012.5106956468207,224.19308561048337,906.9483242089674,99.27111111111113,27.293333333333333,1337.8622222222225,877.0,stage4_power_sweep
resnet18,225.0,128,fp32,2.025879167020321,453.07540057441616,223.6438421156199,4043.6765101093656,96.74257425742574,76.54455445544555,1413.069306930693,877.0,stage4_power_sweep
resnet18,225.0,8,fp16,3.850802380591631,481.4484715218033,125.0254944134096,2127.348845863494,44.47916666666666,12.614583333333334,1529.5833333333333,877.0,stage4_power_sweep
distilbert,225.0,8,fp16,3.2032047621905804,469.7119539169626,146.6381292452063,1278.7193776519184,43.09375,12.55,1530.0,877.0,stage4_power_sweep
distilbert,225.0,8,fp32,5.208013992756605,1170.8581709982786,224.8185532194668,786.4802217691401,97.93050193050192,31.227799227799228,1292.6061776061777,877.0,stage4_power_sweep
distilbert,225.0,32,fp32,4.5220564641058445,1012.4432774752976,223.890012323296,905.7825864210898,99.30666666666669,27.39555555555556,1336.737777777778,877.0,stage4_power_sweep
resnet18,225.0,8,fp16,3.854443684220314,474.5709374354908,123.1230694531442,2125.3391335141787,44.88541666666666,12.677083333333334,1516.7447916666667,877.0,stage4_power_sweep
distilbert,225.0,256,fp32,4.158791970461607,931.1746766780165,223.90508669147505,984.9013918206068,99.65217391304348,29.40096618357488,1308.4444444444443,877.0,stage4_power_sweep
distilbert,225.0,16,fp32,4.69572976231575,1053.163636367548,224.28114258606075,872.2818831848648,98.56410256410255,33.217948717948715,1312.457264957265,877.0,stage4_power_sweep
resnet18,225.0,64,fp32,2.113304156810045,473.4318411318866,224.02446879511868,3876.39421121734,95.84761904761903,74.92380952380952,1422.838095238095,877.0,stage4_power_sweep
distilbert,225.0,8,fp32,5.213651314377785,1171.3691036794476,224.6734645351408,785.6298308067484,97.92307692307692,31.27692307692308,1291.8,877.0,stage4_power_sweep
resnet18,225.0,8,fp32,3.364358574151993,731.8496558831516,217.53021854028117,2434.936651205451,86.78571428571429,38.35714285714285,1511.172619047619,877.0,stage4_power_sweep
resnet18,225.0,32,fp32,2.2127042189240456,494.12464592886414,223.31256102957053,3702.257143064273,94.67272727272729,60.00909090909091,1406.2727272727273,877.0,stage4_power_sweep
distilbert,225.0,64,fp16,1.0771648287773132,241.51656871786628,224.2150525765041,3802.574954707125,92.22641509433964,46.0188679245283,1296.188679245283,877.0,stage4_power_sweep
resnet18,225.0,64,fp16,1.0751761347055435,238.5980028866336,221.91527061003637,7619.216736282496,89.54716981132076,52.60377358490566,1449.245283018868,877.0,stage4_power_sweep
resnet18,225.0,128,fp32,2.03141276165843,454.7655026883083,223.86661700256383,4032.661482992808,97.7128712871287,77.34653465346534,1415.861386138614,877.0,stage4_power_sweep
distilbert,225.0,64,fp32,4.4044139534235,988.1726941960212,224.35963209768823,929.976165572772,99.83636363636364,27.009090909090908,1295.1772727272728,877.0,stage4_power_sweep
distilbert,225.0,128,fp32,4.187279675155878,937.9251078422608,223.9939007196469,978.2007216528998,99.8468899521531,28.660287081339717,1316.956937799043,877.0,stage4_power_sweep
resnet18,225.0,128,fp16,1.0146210119128227,226.59512323063,223.32981534005455,8073.950671054962,92.32,58.26,1413.76,877.0,stage4_power_sweep
resnet18,225.0,32,fp16,1.1841497644782066,263.9690492189221,222.9186350725152,6918.043853692602,88.69491525423729,45.440677966101696,1516.542372881356,877.0,stage4_power_sweep
distilbert,225.0,8,fp16,3.206478714942932,468.7644385200988,146.19290511287292,1277.413750140206,42.98125,12.51875,1529.65,877.0,stage4_power_sweep
resnet18,225.0,256,fp16,0.9625723324716092,216.3821022046889,224.79568018445104,8510.529259619689,95.6808510638298,62.12765957446808,1386.893617021277,877.0,stage4_power_sweep
resnet18,225.0,16,fp16,1.9282594360411167,329.96833678934905,171.12237628500995,4248.390982501236,66.66666666666667,27.27083333333333,1518.875,877.0,stage4_power_sweep
distilbert,225.0,32,fp16,1.1584148295223713,258.9888492890229,223.57176607952024,3535.866337008852,89.63157894736842,42.1578947368421,1359.0350877192982,877.0,stage4_power_sweep
distilbert,225.0,16,fp16,1.597493551671505,328.56138189344085,205.6730567392008,2564.016609465643,70.60759493670886,28.949367088607595,1515.2025316455697,877.0,stage4_power_sweep
resnet18,225.0,256,fp32,1.961167830973864,430.8086164045948,219.6694283888324,4177.102984568165,98.90721649484536,77.0,1376.59793814433,877.0,stage4_power_sweep
distilbert,225.0,128,fp16,1.0251599103212357,229.45900309306265,223.82752269464112,3995.474226763814,95.04,48.42,1260.36,877.0,stage4_power_sweep
resnet18,225.0,16,fp32,2.418852597475052,540.4526540784224,223.43348025529968,3386.729728198947,94.36666666666666,55.73333333333333,1448.775,877.0,stage4_power_sweep
distilbert,225.0,256,fp16,1.0040212273597715,226.50767091662732,225.60048009369692,4079.595020885228,99.68,50.92,1264.66,877.0,stage4_power_sweep
distilbert,225.0,32,fp32,4.521515157073736,1012.9150090913332,224.0211464306753,905.8910249569695,99.09333333333332,27.182222222222222,1336.4266666666667,877.0,stage4_power_sweep
distilbert,225.0,8,fp32,5.213431961834431,1171.7511657241564,224.7562017308569,785.6628857891062,97.94594594594597,31.25868725868726,1291.3822393822393,877.0,stage4_power_sweep
resnet18,225.0,32,fp16,1.1917583756148815,260.891763822348,218.9133042071068,6873.876590775693,88.55932203389831,45.52542372881356,1501.1016949152545,877.0,stage4_power_sweep
distilbert,225.0,256,fp16,1.0059309229254725,226.5893373915781,225.2533769740427,4071.850170474843,99.64,50.68,1261.24,877.0,stage4_power_sweep
resnet18,225.0,128,fp32,2.034315064549446,453.4332937986483,222.89236397070744,4026.9081927161274,97.75247524752476,77.47524752475248,1411.2079207920792,877.0,stage4_power_sweep
resnet18,225.0,32,fp32,2.208823513239622,495.6914264907263,224.41422934859517,3708.761678285928,94.85321100917432,60.3394495412844,1411.1100917431193,877.0,stage4_power_sweep
resnet18,225.0,64,fp32,2.1123936362564564,473.0212404243114,223.92665472264468,3878.065081902872,96.0,74.95238095238095,1418.9238095238095,877.0,stage4_power_sweep
resnet18,225.0,16,fp32,2.405894305557013,538.4433884455618,223.8017635279707,3404.970858893732,94.225,55.925,1446.8083333333334,877.0,stage4_power_sweep
distilbert,225.0,64,fp32,4.405769430100918,989.2398331660038,224.53281971756397,929.6900496007522,99.92727272727272,27.072727272727278,1294.5954545454545,877.0,stage4_power_sweep
distilbert,225.0,16,fp32,4.697415303438902,1052.9854631223902,224.16273527093009,871.968888295098,98.52991452991454,33.0982905982906,1311.5213675213674,877.0,stage4_power_sweep
resnet18,225.0,128,fp16,1.0133079439401629,226.9431225765407,223.96264031454396,8084.413083890468,92.16,58.74,1422.92,877.0,stage4_power_sweep
resnet18,225.0,16,fp16,1.92365400120616,334.25751128112404,173.76176332726135,4258.562088017645,66.76842105263158,27.042105263157893,1529.157894736842,877.0,stage4_power_sweep
resnet18,225.0,8,fp16,3.8394140861928463,484.0649255565672,126.07781153310422,2133.658890678074,44.37696335078534,12.575916230366492,1530.0,877.0,stage4_power_sweep
distilbert,225.0,8,fp16,3.205616384744644,470.96948314653616,146.92010104136432,1277.757382166077,42.98125,12.51875,1530.0,877.0,stage4_power_sweep
resnet18,225.0,256,fp16,0.9630458876490592,215.5288705931061,223.79917027551477,8506.3444069087,96.58333333333331,62.8125,1383.2083333333333,877.0,stage4_power_sweep
distilbert,225.0,32,fp16,1.1583705432713032,259.17784295323963,223.7434683217228,3536.0015185060447,90.03508771929825,42.26315789473684,1358.6666666666667,877.0,stage4_power_sweep
resnet18,225.0,64,fp16,1.0769657157361507,238.486788535911,221.4432502829446,7606.555975090097,89.13207547169812,52.35849056603774,1448.169811320755,877.0,stage4_power_sweep
resnet18,225.0,256,fp32,1.9568776190280917,434.46379227453417,222.01888766570707,4186.260765795187,99.83505154639175,77.50515463917526,1383.9484536082475,877.0,stage4_power_sweep
distilbert,225.0,16,fp16,1.6027783565223217,335.8826599350521,209.5627624170344,2555.562335448192,69.86075949367088,28.734177215189877,1529.7974683544303,877.0,stage4_power_sweep
distilbert,225.0,64,fp16,1.076035413891077,241.14329253083804,224.1034908496497,3806.566166059868,92.83018867924528,46.39622641509434,1299.132075471698,877.0,stage4_power_sweep
resnet18,225.0,8,fp32,3.361981127411127,736.3592593545918,219.0253994440536,2436.65853243745,87.1556886227545,37.92814371257485,1517.940119760479,877.0,stage4_power_sweep
distilbert,225.0,128,fp32,4.1869081519544125,938.895462427214,224.2455359305997,978.2875218048484,99.88516746411484,28.72248803827751,1317.2344497607655,877.0,stage4_power_sweep
distilbert,225.0,128,fp16,1.024888515472412,230.04399444081,224.45757852479545,3996.5322453749914,95.58,48.86,1261.04,877.0,stage4_power_sweep
distilbert,225.0,256,fp32,4.158373191952705,931.7371731817656,224.06290397044344,985.0005785739936,99.69082125603865,29.3719806763285,1308.193236714976,877.0,stage4_power_sweep
distilbert,250.0,16,fp32,4.511748664081097,1119.916564353141,248.22228535667628,907.8519893204708,98.27555555555556,34.28,1378.7288888888888,877.0,stage4_power_sweep
resnet18,250.0,8,fp32,3.3663848862051964,749.5049037217041,222.6438535869836,2433.4710013609124,86.58333333333333,38.48214285714285,1526.047619047619,877.0,stage4_power_sweep
distilbert,250.0,32,fp16,1.1213568672537804,277.81178582964293,247.7460957723549,3652.7176313024815,89.94545454545455,44.38181818181818,1466.1454545454546,877.0,stage4_power_sweep
resnet18,250.0,64,fp16,1.0537118464708328,257.397773886355,244.2771947078797,7774.421467725957,88.76923076923077,53.38461538461539,1523.5384615384614,877.0,stage4_power_sweep
resnet18,250.0,64,fp32,2.07019666954875,514.7933824624985,248.6688294087104,3957.111959698808,96.0,77.11650485436893,1517.0194174757282,877.0,stage4_power_sweep
resnet18,250.0,256,fp16,0.9387896955013276,231.49534814134597,246.58914477935767,8726.129014044356,95.52173913043478,64.23913043478261,1486.804347826087,877.0,stage4_power_sweep
distilbert,250.0,256,fp32,3.989143297076225,989.526966596555,248.0550065277956,1026.7868800306303,99.71717171717172,30.626262626262623,1373.358585858586,877.0,stage4_power_sweep
distilbert,250.0,128,fp16,0.9922007843852044,245.0837930318192,247.0102794604018,4128.196696133432,95.89795918367346,50.775510204081634,1345.7142857142858,877.0,stage4_power_sweep
resnet18,250.0,256,fp32,1.9185543917119503,474.7151848824228,247.4337902189098,4269.881550082182,99.52631578947368,79.32631578947368,1476.0105263157895,877.0,stage4_power_sweep
resnet18,250.0,32,fp32,2.148691453039646,534.5113688425952,248.7613417396196,3812.552978889169,94.39622641509432,62.301886792452834,1503.632075471698,877.0,stage4_power_sweep
resnet18,250.0,16,fp32,2.347880765795708,582.3236882935873,248.02097993091024,3489.1039269720723,94.42735042735043,57.73504273504273,1524.145299145299,877.0,stage4_power_sweep
distilbert,250.0,128,fp32,4.025767769664526,999.119135086425,248.1810159580276,1017.4456735593884,99.91044776119404,29.83084577114428,1378.5621890547263,877.0,stage4_power_sweep
resnet18,250.0,16,fp16,1.925928045064211,334.0091308885583,173.42762713516765,4253.533781282507,66.38541666666667,27.010416666666668,1529.0833333333333,877.0,stage4_power_sweep
distilbert,250.0,64,fp16,1.0462816208600998,257.88429686189033,246.4769443717224,3914.815971471302,92.94117647058825,48.03921568627451,1386.5098039215686,877.0,stage4_power_sweep
resnet18,250.0,32,fp16,1.1796200051903725,271.51150239361266,230.16861463772383,6944.609250398341,88.62068965517241,45.60344827586207,1521.7931034482758,877.0,stage4_power_sweep
distilbert,250.0,64,fp32,4.237951844930649,1053.8257529240805,248.66392811533365,966.5046111601176,99.8862559241706,28.099526066350712,1363.4028436018957,877.0,stage4_power_sweep
resnet18,250.0,128,fp16,0.991844531148672,244.05774562017615,246.0645171250062,8259.358944604659,90.95833333333331,59.60416666666666,1502.25,877.0,stage4_power_sweep
distilbert,250.0,256,fp16,0.967244528234005,245.0317884862833,253.32972307805383,4234.709921263113,98.83333333333331,52.29166666666666,1359.125,877.0,stage4_power_sweep
distilbert,250.0,16,fp16,1.6001138165593147,333.374756497981,208.3444021593592,2559.817906458384,70.25316455696202,28.670886075949365,1523.9746835443038,877.0,stage4_power_sweep
distilbert,250.0,32,fp32,4.349958099424839,1081.9277135234306,248.7214103663402,941.6182653671036,99.09677419354838,28.41935483870968,1417.0967741935483,877.0,stage4_power_sweep
resnet18,250.0,128,fp32,1.981535378843546,491.9972559273312,248.290926914698,4134.167922240669,96.68367346938776,78.55102040816327,1503.6020408163265,877.0,stage4_power_sweep
resnet18,250.0,8,fp16,3.848150126636028,483.8016847645092,125.72318356701908,2128.8150748841167,44.484375,12.609375,1530.0,877.0,stage4_power_sweep
distilbert,250.0,8,fp16,3.203920274972916,471.2492940297193,147.08521236025544,1278.4338087297212,43.2625,12.525,1530.0,877.0,stage4_power_sweep
distilbert,250.0,8,fp32,5.007700122892857,1247.4481106280114,249.1059927740608,817.9403517544928,97.816,32.588,1364.52,877.0,stage4_power_sweep
distilbert,250.0,32,fp32,4.34757836163044,1079.5596998891615,248.31287905396195,942.1336797857988,99.70967741935485,28.64516129032258,1417.2396313364056,877.0,stage4_power_sweep
resnet18,250.0,8,fp16,3.846258334815502,480.8559594965259,125.01915306726052,2129.862137924481,44.609375,12.640625,1528.125,877.0,stage4_power_sweep
distilbert,250.0,256,fp32,3.986355639994144,993.1267497363904,249.1314973939077,1027.5049117308602,99.6818181818182,30.752525252525253,1373.919191919192,877.0,stage4_power_sweep
distilbert,250.0,16,fp32,4.503772526979446,1122.091665812428,249.1448355996308,909.459786315423,98.58035714285714,34.517857142857146,1381.821428571429,877.0,stage4_power_sweep
resnet18,250.0,64,fp32,2.075125075876713,510.07269336544175,245.80334905834184,3947.71384878523,95.84466019417476,77.36893203883496,1508.8155339805826,877.0,stage4_power_sweep
distilbert,250.0,8,fp32,5.014610651880503,1248.297871025119,248.93216197293432,816.8131654376757,97.804,32.492,1361.952,877.0,stage4_power_sweep
resnet18,250.0,8,fp32,3.3584983497858047,756.5543464613589,225.26565972843483,2439.185358099837,86.44311377245509,38.47305389221557,1527.5748502994013,877.0,stage4_power_sweep
resnet18,250.0,32,fp32,2.1485492065548897,533.9928200558913,248.53646284979757,3812.805392125757,94.26168224299066,62.30841121495328,1503.018691588785,877.0,stage4_power_sweep
distilbert,250.0,64,fp16,1.0432613752782345,259.6208919677188,248.8550790049892,3926.1493783450096,92.90384615384616,48.09615384615385,1391.173076923077,877.0,stage4_power_sweep
resnet18,250.0,64,fp16,1.054109767079353,257.56707089167924,244.34558803617423,7771.486666609462,88.38461538461539,53.11538461538461,1523.9423076923076,877.0,stage4_power_sweep
resnet18,250.0,128,fp32,1.9862686395645144,492.3278161411389,247.8656745288396,4124.316236395939,96.6060606060606,78.55555555555556,1506.3131313131314,877.0,stage4_power_sweep
distilbert,250.0,64,fp32,4.240058057010174,1054.2956260251362,248.6512240751157,966.0245083738888,99.92417061611374,27.95260663507109,1361.943127962085,877.0,stage4_power_sweep
distilbert,250.0,128,fp32,4.016867112368345,998.7960228518727,248.6505017247092,1019.7001507438464,99.92,29.895,1381.195,877.0,stage4_power_sweep
resnet18,250.0,128,fp16,0.9925130270421504,241.27854968844227,243.0986225011992,8253.79594705521,92.81632653061224,61.57142857142857,1506.8367346938776,877.0,stage4_power_sweep
resnet18,250.0,32,fp16,1.1752027794718742,275.15564378811337,234.13460944311743,6970.711900189185,88.62068965517241,45.43103448275862,1530.0,877.0,stage4_power_sweep
distilbert,250.0,8,fp16,3.206260859966278,472.0940545238788,147.2413116532396,1277.5005462416054,43.29375,12.5875,1530.0,877.0,stage4_power_sweep
resnet18,250.0,256,fp16,0.9397311322391032,231.81673077320104,246.6841023142969,8717.387047166214,95.06521739130434,63.97826086956522,1483.1521739130435,877.0,stage4_power_sweep
resnet18,250.0,16,fp16,1.9308443777263165,334.84927578266536,173.42116208089757,4242.703396762905,66.22916666666667,27.11458333333333,1525.625,877.0,stage4_power_sweep
distilbert,250.0,32,fp16,1.1229458339512348,274.6337998928305,244.5654915753994,3647.549041245985,90.16363636363636,44.654545454545456,1468.1272727272728,877.0,stage4_power_sweep
distilbert,250.0,16,fp16,1.5943498760461807,333.0840812539998,208.91529911866843,2569.072235360062,70.44303797468355,28.746835443037973,1526.2025316455697,877.0,stage4_power_sweep
resnet18,250.0,256,fp32,1.913916811347008,471.3157428925634,246.25717277693647,4280.227829878614,99.12631578947368,79.2421052631579,1476.8947368421052,877.0,stage4_power_sweep
distilbert,250.0,128,fp16,0.9899444989860058,246.25436348632425,248.75572695091603,4137.605698294711,95.79591836734694,50.89795918367347,1352.204081632653,877.0,stage4_power_sweep
resnet18,250.0,16,fp32,2.3732763528823853,578.9406176121739,243.94151018655728,3451.76826544059,94.54237288135592,57.65254237288136,1514.1864406779662,877.0,stage4_power_sweep
distilbert,250.0,256,fp16,0.9728460311889648,242.18392455671344,248.94373497184145,4210.327090499685,99.4375,52.395833333333336,1341.1458333333333,877.0,stage4_power_sweep
distilbert,250.0,32,fp32,4.347341790795326,1080.965882450159,248.6498496020947,942.1849482073172,99.5115207373272,28.433179723502302,1416.4884792626729,877.0,stage4_power_sweep
distilbert,250.0,8,fp32,5.012733168900013,1246.6201707763855,248.6907099924376,817.1190969055351,97.864,32.56,1362.404,877.0,stage4_power_sweep
resnet18,250.0,32,fp16,1.1847109384834766,268.5330366289309,226.6654488500582,6914.766913932951,88.98305084745763,46.30508474576271,1517.033898305085,877.0,stage4_power_sweep
distilbert,250.0,256,fp16,0.971266645938158,241.85175856986692,249.0065519919707,4217.17354047881,98.6875,52.10416666666666,1348.1041666666667,877.0,stage4_power_sweep
resnet18,250.0,128,fp32,1.9871120788156984,493.6657326355692,248.43376370083243,4122.565650590962,96.73737373737374,78.76767676767676,1504.5050505050506,877.0,stage4_power_sweep
resnet18,250.0,32,fp32,2.148000039160252,535.0966417683113,249.11388827418472,3813.780191178496,94.54205607476636,62.4392523364486,1504.2242990654206,877.0,stage4_power_sweep
resnet18,250.0,64,fp32,2.069366816431284,514.9981042650006,248.8674797410437,3958.698832393317,96.66990291262135,77.60194174757281,1516.893203883495,877.0,stage4_power_sweep
resnet18,250.0,16,fp32,2.346530370414257,580.8470142588866,247.5344114793382,3491.111857441582,94.11965811965813,57.53846153846154,1526.7521367521367,877.0,stage4_power_sweep
distilbert,250.0,64,fp32,4.237885698676109,1053.195534025013,248.5190986519588,966.519696668451,99.69668246445498,28.0521327014218,1363.6587677725115,877.0,stage4_power_sweep
distilbert,250.0,16,fp32,4.510127104818821,1124.424845664705,249.31112129042197,908.1783960420208,98.4,34.346666666666664,1379.2977777777778,877.0,stage4_power_sweep
resnet18,250.0,128,fp16,0.9937022998929024,242.0761212366128,243.61030588608168,8243.917721517706,92.81632653061224,61.71428571428572,1501.8367346938776,877.0,stage4_power_sweep
resnet18,250.0,16,fp16,1.926902819424868,334.4721994234835,173.5802117531361,4251.382019589918,66.70833333333333,27.11458333333333,1529.25,877.0,stage4_power_sweep
resnet18,250.0,8,fp16,3.8372675627470016,485.1549377703112,126.43239749041663,2134.8524349799463,44.48167539267016,12.6282722513089,1530.0,877.0,stage4_power_sweep
distilbert,250.0,8,fp16,3.205952890217304,471.4879694390685,147.0664060216775,1277.6232653008096,43.05,12.525,1530.0,877.0,stage4_power_sweep
resnet18,250.0,256,fp16,0.9382059276103972,232.89746199735623,248.2370395916642,8731.558561844686,99.30434782608695,67.08695652173913,1493.2608695652175,877.0,stage4_power_sweep
distilbert,250.0,32,fp16,1.1202519536018372,278.16807324217393,248.30849198504603,3656.320336537267,90.01818181818182,44.30909090909091,1466.581818181818,877.0,stage4_power_sweep
resnet18,250.0,64,fp16,1.0522439740598202,258.9855041256231,246.126858894133,7785.266727062562,89.23076923076923,53.53846153846154,1528.7692307692307,877.0,stage4_power_sweep
resnet18,250.0,256,fp32,1.9204852506518364,464.190893636449,241.7050031906764,4265.58860434858,99.32631578947368,79.03157894736842,1458.4736842105262,877.0,stage4_power_sweep
distilbert,250.0,16,fp16,1.6019898690283298,334.9452711900768,209.0807674041249,2556.820164215137,69.63291139240506,28.60759493670886,1529.0886075949368,877.0,stage4_power_sweep
distilbert,250.0,64,fp16,1.0416766703128817,258.5565238495207,248.2118791926672,3932.122237862649,91.6078431372549,47.70588235294117,1395.0196078431372,877.0,stage4_power_sweep
resnet18,250.0,8,fp32,3.358717419207096,751.6188992768916,223.7815229643013,2439.0262643571587,86.7065868263473,37.73053892215569,1525.4071856287426,877.0,stage4_power_sweep
distilbert,250.0,128,fp32,4.00760131329298,1001.2168635607756,249.8294578953744,1022.05775470075,99.84,30.01,1385.95,877.0,stage4_power_sweep
distilbert,250.0,128,fp16,0.9906698986887932,245.42010332256004,247.731462970044,4134.57601308093,98.5,52.5,1354.6041666666667,877.0,stage4_power_sweep
distilbert,250.0,256,fp32,3.9851403795182714,992.6741940581188,249.09390875161964,1027.8182472696558,99.6818181818182,30.69191919191919,1374.7575757575758,877.0,stage4_power_sweep
distilbert,275.0,16,fp32,4.367459747940302,1184.827245641531,271.2852124625296,937.8449342164348,98.31192660550458,35.944954128440365,1454.5642201834862,877.0,stage4_power_sweep
resnet18,275.0,8,fp32,3.3998779952526093,761.9235327233696,224.10319834631568,2409.4982265360195,84.98224852071006,37.54437869822485,1527.5443786982248,877.0,stage4_power_sweep
distilbert,275.0,32,fp16,1.1007455885410309,294.8592717218221,267.8723174467949,3721.114163563436,89.42592592592592,45.333333333333336,1529.2592592592594,877.0,stage4_power_sweep
resnet18,275.0,64,fp16,1.0519100949168203,261.0469039193359,248.1646532158987,7787.737792028491,88.61538461538461,53.23076923076923,1530.0,877.0,stage4_power_sweep
resnet18,275.0,64,fp32,2.0644141733646397,535.6896697171026,259.4874985013403,3968.1959684710223,96.46601941747574,77.6504854368932,1530.0,877.0,stage4_power_sweep
resnet18,275.0,256,fp16,0.9301902651786804,244.68878668936404,263.0524053510297,8806.80040058944,96.30434782608695,65.91304347826087,1530.0,877.0,stage4_power_sweep
distilbert,275.0,256,fp32,3.851365607231856,1050.5513991630337,272.7737395770408,1063.5188703738709,99.859375,31.765625,1431.4739583333333,877.0,stage4_power_sweep
distilbert,275.0,128,fp16,0.9670041613280772,260.4028838876728,269.288276412417,4235.762537334462,96.9375,53.79166666666666,1460.375,877.0,stage4_power_sweep
resnet18,275.0,256,fp32,1.905145525932312,502.84108373024696,263.9384114681601,4299.933988502595,99.83157894736844,80.5578947368421,1523.3894736842103,877.0,stage4_power_sweep
resnet18,275.0,32,fp32,2.133120983839035,555.7778414519164,260.5467977028045,3840.382267140159,94.26415094339625,63.15094339622642,1530.0,877.0,stage4_power_sweep
resnet18,275.0,16,fp32,2.34165520593524,593.7468633125845,253.55862033302483,3498.3801113145414,94.25862068965516,57.57758620689656,1530.0,877.0,stage4_power_sweep
distilbert,275.0,128,fp32,3.8765732906758794,1060.9901470672903,273.6927867762065,1056.6032660473354,99.84455958549223,30.797927461139896,1442.8704663212436,877.0,stage4_power_sweep
resnet18,275.0,16,fp16,1.9084432497620585,332.3059281626225,174.1240816063322,4292.503851514246,67.06315789473685,27.526315789473685,1526.6842105263158,877.0,stage4_power_sweep
distilbert,275.0,64,fp16,1.0208776853978634,275.9667270169276,270.3230082939623,4012.233844061034,91.32,49.46,1481.96,877.0,stage4_power_sweep
resnet18,275.0,32,fp16,1.178748868405819,273.4347563731976,231.9703235371927,6949.741560370825,88.14035087719299,45.29824561403509,1524.0350877192982,877.0,stage4_power_sweep
distilbert,275.0,64,fp32,4.098190449178219,1120.3306568463329,273.37203352054684,999.4655082028562,99.86764705882354,29.225490196078432,1436.563725490196,877.0,stage4_power_sweep
resnet18,275.0,128,fp16,0.9858465977013112,250.44345050848324,254.03896619660685,8309.609242554781,92.20408163265306,61.0,1528.1224489795918,877.0,stage4_power_sweep
distilbert,275.0,256,fp16,0.950108241289854,256.88360662728144,270.37299063792955,4311.087749790831,98.6304347826087,53.69565217391305,1430.7173913043478,877.0,stage4_power_sweep
distilbert,275.0,16,fp16,1.5787225887179377,332.6344733071849,210.6984948997997,2594.5026879778256,70.76923076923077,28.78205128205128,1527.3076923076924,877.0,stage4_power_sweep
distilbert,275.0,32,fp32,4.222301062196493,1150.2899561108875,272.4320078475154,970.087149083872,99.03333333333332,29.552380952380958,1488.604761904762,877.0,stage4_power_sweep
resnet18,275.0,128,fp32,1.9687801599502563,515.7819781926163,261.9804834916907,4160.952129976249,97.07142857142856,79.63265306122449,1530.0,877.0,stage4_power_sweep
resnet18,275.0,8,fp16,3.733896229416132,477.64965304838177,127.92258373047278,2193.954919117016,45.344086021505376,12.591397849462366,1530.0,877.0,stage4_power_sweep
distilbert,275.0,8,fp16,3.098598014563322,464.2379275377988,149.8219276446618,1321.8881509472726,44.11688311688312,13.448051948051948,1530.0,877.0,stage4_power_sweep
distilbert,275.0,8,fp32,4.83997418731451,1311.727449727267,271.01951352659734,846.2855051449543,97.64730290456431,34.47302904564315,1457.319502074689,877.0,stage4_power_sweep
distilbert,275.0,32,fp32,4.227950863540173,1141.9373862360026,270.09239773421325,968.7908237822596,99.05687203791469,29.53080568720379,1483.516587677725,877.0,stage4_power_sweep
resnet18,275.0,8,fp16,3.724968820810318,473.6957806997588,127.16771696271876,2199.2130388404,45.63783783783784,12.62162162162162,1526.2756756756758,877.0,stage4_power_sweep
distilbert,275.0,256,fp32,3.8536125980317593,1052.7271799985508,273.1792968852742,1062.898746514385,99.91666666666669,31.776041666666668,1429.3541666666667,877.0,stage4_power_sweep
distilbert,275.0,16,fp32,4.354965332895517,1190.971762364482,273.4744530268469,940.5356155330549,98.3410138248848,36.0184331797235,1458.7142857142858,877.0,stage4_power_sweep
resnet18,275.0,64,fp32,2.0647084303200245,529.4140086021598,256.4110267715147,3967.630431348731,96.37254901960785,77.61764705882354,1528.8235294117646,877.0,stage4_power_sweep
distilbert,275.0,8,fp32,4.831346955150366,1316.489125646478,272.48904660905373,847.796698937868,97.70954356846472,34.96680497925311,1467.5933609958506,877.0,stage4_power_sweep
resnet18,275.0,8,fp32,3.2818925119936466,750.3392050101801,228.63003656215804,2496.120750470166,88.08588957055214,38.85276073619632,1528.7300613496932,877.0,stage4_power_sweep
resnet18,275.0,32,fp32,2.132968954741955,557.6211737822902,261.4295780267232,3840.65599350979,94.4622641509434,63.35849056603774,1530.0,877.0,stage4_power_sweep
distilbert,275.0,64,fp16,1.0185825675725937,275.13942618370686,270.1199048000572,4021.274396793641,92.16,49.98,1489.72,877.0,stage4_power_sweep
resnet18,275.0,64,fp16,1.0542381182312963,257.3642237705067,244.1234283980252,7770.540505349761,89.88461538461539,54.17307692307692,1525.923076923077,877.0,stage4_power_sweep
resnet18,275.0,128,fp32,1.9774837233126163,516.5666108280307,261.22420363728463,4142.638396171994,96.93877551020408,79.31632653061224,1530.0,877.0,stage4_power_sweep
distilbert,275.0,64,fp32,4.098903682082892,1119.751335024557,273.18312941072725,999.291595434266,98.90196078431372,28.84313725490196,1435.8529411764705,877.0,stage4_power_sweep
distilbert,275.0,128,fp32,3.8834381625056262,1061.9878456273643,273.4658828562784,1054.735476296918,99.79381443298968,30.850515463917525,1439.6340206185566,877.0,stage4_power_sweep
resnet18,275.0,128,fp16,0.9857553653419018,250.6293630726521,254.2510767727074,8310.378302793884,91.91836734693878,60.89795918367347,1529.8367346938776,877.0,stage4_power_sweep
resnet18,275.0,32,fp16,1.1764670461416245,273.5686825639648,232.53408028823975,6963.220964723765,88.17241379310344,45.32758620689656,1530.0,877.0,stage4_power_sweep
distilbert,275.0,8,fp16,3.09517777338624,464.6302405558796,150.11423400328854,1323.3488671375485,44.16883116883117,13.467532467532468,1530.0,877.0,stage4_power_sweep
resnet18,275.0,256,fp16,0.930439494550228,244.43969068330097,262.7142249603908,8804.441393537352,99.47826086956522,68.02173913043478,1530.0,877.0,stage4_power_sweep
resnet18,275.0,16,fp16,1.8698501661419868,333.04584440097443,178.1136533993733,4381.099698968041,68.88172043010752,27.978494623655912,1530.0,877.0,stage4_power_sweep
distilbert,275.0,32,fp16,1.101839143782854,296.1001543087685,268.7326512036885,3717.4210256658143,89.48148148148148,45.629629629629626,1530.0,877.0,stage4_power_sweep
distilbert,275.0,16,fp16,1.542185690253973,334.2893594919684,216.7633648817714,2655.970695283429,71.92105263157895,29.36842105263158,1530.0,877.0,stage4_power_sweep
resnet18,275.0,256,fp32,1.9000825434923168,501.3519621600764,263.8579907368659,4311.391643514209,99.65957446808513,80.30851063829788,1523.1702127659576,877.0,stage4_power_sweep
distilbert,275.0,128,fp16,0.9682983867824078,261.9485609405704,270.5246280653305,4230.101026617157,94.8936170212766,52.38297872340426,1449.595744680851,877.0,stage4_power_sweep
resnet18,275.0,16,fp32,2.3616874031722546,590.1797855080574,249.8975032492949,3468.7063110030485,94.11965811965813,57.46153846153846,1525.7435897435898,877.0,stage4_power_sweep
distilbert,275.0,256,fp16,0.950306322425604,257.0509173895862,270.49269411728005,4310.18914989978,98.80851063829788,53.93617021276596,1433.5744680851064,877.0,stage4_power_sweep
distilbert,275.0,32,fp32,4.224161926656961,1151.0547442704928,272.4930445981856,969.6597978765484,99.51904761904764,29.642857142857142,1485.347619047619,877.0,stage4_power_sweep
distilbert,275.0,8,fp32,4.835290975868702,1317.1968774462907,272.41315652356263,847.1051732856921,97.66804979253112,34.481327800829874,1462.7427385892115,877.0,stage4_power_sweep
resnet18,275.0,32,fp16,1.1810420453548431,270.78916032484966,229.27986466687668,6936.247555470153,89.51724137931035,46.293103448275865,1523.5344827586207,877.0,stage4_power_sweep
distilbert,275.0,256,fp16,0.953744910657406,254.51013662532887,266.8534676110595,4294.649391289199,99.61702127659576,54.06382978723404,1420.8085106382978,877.0,stage4_power_sweep
resnet18,275.0,128,fp32,1.978189546614885,512.9493806530162,259.3024422410808,4141.16029175177,97.28571428571428,79.64285714285714,1529.3877551020407,877.0,stage4_power_sweep
resnet18,275.0,32,fp32,2.1338809244334698,555.3819773655562,260.26849530650645,3839.01458895834,94.79245283018868,63.471698113207545,1530.0,877.0,stage4_power_sweep
resnet18,275.0,64,fp32,2.065529484301805,532.4866701197814,257.7966928899946,3966.0532867043903,96.5728155339806,77.88349514563107,1530.0,877.0,stage4_power_sweep
resnet18,275.0,16,fp32,2.3417322672903538,592.3869672662586,252.9695540095694,3498.264987175097,94.16379310344828,57.543103448275865,1530.0,877.0,stage4_power_sweep
distilbert,275.0,64,fp32,4.100871834903956,1122.5946413008946,273.74536110738666,998.8120002038372,99.82352941176472,29.102941176470587,1433.6960784313726,877.0,stage4_power_sweep
distilbert,275.0,16,fp32,4.355006158351898,1190.0716605202083,273.2652072690931,940.5267986004604,98.10599078341014,35.91705069124424,1460.032258064516,877.0,stage4_power_sweep
resnet18,275.0,128,fp16,0.9861683994531631,250.17904167831009,253.68795209523643,8306.897690640379,92.3265306122449,61.3469387755102,1527.2244897959183,877.0,stage4_power_sweep
resnet18,275.0,16,fp16,1.9078937396407127,335.6362718296646,175.91979304511494,4293.740175248275,66.88421052631578,27.33684210526316,1530.0,877.0,stage4_power_sweep
resnet18,275.0,8,fp16,3.8096008971333504,483.8576944143614,127.0100746717208,2150.3564864666846,44.36842105263158,12.573684210526316,1530.0,877.0,stage4_power_sweep
distilbert,275.0,8,fp16,3.180445473641157,470.2511312698098,147.85700153237943,1287.86990185707,43.348101265822784,12.556962025316457,1530.0,877.0,stage4_power_sweep
resnet18,275.0,256,fp16,0.93046672642231,244.35397861825487,262.614418849568,8804.183714874622,95.43478260869566,65.0,1530.0,877.0,stage4_power_sweep
distilbert,275.0,32,fp16,1.1007644645869732,294.9501809233256,267.9503112720815,3721.050353434959,89.25925925925925,45.51851851851852,1530.0,877.0,stage4_power_sweep
resnet18,275.0,64,fp16,1.0520934835076332,259.68463791780846,246.82658146691617,7786.380324957659,88.25,53.11538461538461,1530.0,877.0,stage4_power_sweep
resnet18,275.0,256,fp32,1.9003654681146145,499.5507582006635,262.870888038329,4310.7497675841405,99.7127659574468,80.30851063829788,1523.8297872340424,877.0,stage4_power_sweep
distilbert,275.0,16,fp16,1.5885807648301125,337.6453288764422,212.54527081759736,2578.402112553616,70.13924050632912,28.670886075949365,1530.0,877.0,stage4_power_sweep
distilbert,275.0,64,fp16,1.0198513753712175,273.2109592053257,267.89291636330745,4016.271487116531,92.24,49.82,1486.4,877.0,stage4_power_sweep
resnet18,275.0,8,fp32,3.329023621976376,751.4160420955948,225.71664470482008,2460.7815774934547,87.09638554216868,38.265060240963855,1528.55421686747,877.0,stage4_power_sweep
distilbert,275.0,128,fp32,3.880954969674349,1057.9026363151115,272.5882275320191,1055.4103389516256,99.70984455958548,30.76683937823834,1440.699481865285,877.0,stage4_power_sweep
distilbert,275.0,128,fp16,0.9692305698990822,259.6608253251926,267.9040812262338,4226.032615156249,98.5,54.47916666666666,1444.2083333333333,877.0,stage4_power_sweep
distilbert,275.0,256,fp32,3.847271889448166,1048.3066662281924,272.4805255129906,1064.6505154039191,99.90625,31.666666666666668,1432.859375,877.0,stage4_power_sweep
distilbert,300.0,16,fp32,4.294136792421341,1233.2368660524648,287.1908664458446,953.8587609106842,97.99532710280374,36.35514018691589,1499.7757009345794,877.0,stage4_power_sweep
resnet18,300.0,8,fp32,3.3577735163271427,760.388798202675,226.4562498052032,2439.711898425095,86.33532934131736,38.0059880239521,1529.5209580838325,877.0,stage4_power_sweep
distilbert,300.0,32,fp16,1.100384682416916,296.72504055450713,269.65573521322733,3722.334621201224,89.07407407407408,45.01851851851852,1530.0,877.0,stage4_power_sweep
resnet18,300.0,64,fp16,1.0515931770205498,261.0312557343181,248.22456196786175,7790.084777090481,88.76923076923077,53.38461538461539,1530.0,877.0,stage4_power_sweep
resnet18,300.0,64,fp32,2.063629407435656,535.2546051487848,259.3753525803417,3969.705011220833,96.40776699029126,77.81553398058253,1530.0,877.0,stage4_power_sweep
resnet18,300.0,256,fp16,0.9302898421883584,244.4126373418393,262.72740629618994,8805.857732176919,96.91304347826087,66.30434782608695,1530.0,877.0,stage4_power_sweep
distilbert,300.0,256,fp32,3.7831283919513226,1097.3372526264352,290.0608012567168,1082.7018212530977,99.8563829787234,32.96808510638298,1490.4521276595744,877.0,stage4_power_sweep
distilbert,300.0,128,fp16,0.963065765798092,266.9167720821041,277.15321379003683,4253.084415897234,96.87234042553192,54.234042553191486,1479.4255319148936,877.0,stage4_power_sweep
resnet18,300.0,256,fp32,1.904131945222616,510.11061998052406,267.8966766249415,4302.222868826591,99.83157894736844,80.38947368421053,1526.4842105263158,877.0,stage4_power_sweep
resnet18,300.0,32,fp32,2.133384834975004,556.3241189186338,260.7706353763183,3839.907299282917,94.79245283018868,63.43396226415094,1530.0,877.0,stage4_power_sweep
resnet18,300.0,16,fp32,2.3430553413927555,592.1383944946837,252.72061826021812,3496.289590467173,94.05128205128206,57.376068376068375,1530.0,877.0,stage4_power_sweep
distilbert,300.0,128,fp32,3.812231592833996,1106.046186590596,290.1309009320617,1074.436298072608,99.78947368421052,31.757894736842104,1500.2315789473685,877.0,stage4_power_sweep
resnet18,300.0,16,fp16,1.9144876971840856,334.9368891857912,174.948572236025,4278.951498120965,66.94736842105263,27.13684210526316,1528.421052631579,877.0,stage4_power_sweep
distilbert,300.0,64,fp16,1.0183184146881104,275.9115014976914,270.94816073045024,4022.31751966748,90.68,49.62,1500.2,877.0,stage4_power_sweep
resnet18,300.0,32,fp16,1.1759099923074243,274.78725291050995,233.68051526742263,6966.51959213756,89.36206896551724,45.98275862068966,1530.0,877.0,stage4_power_sweep
distilbert,300.0,64,fp32,4.034566972404718,1156.0823972943865,286.5443566067086,1015.226671911872,99.91044776119404,29.95522388059701,1500.915422885572,877.0,stage4_power_sweep
resnet18,300.0,128,fp16,0.98615750297904,250.37081917403657,253.8852246397784,8306.989477089759,90.36734693877553,59.67346938775511,1529.0204081632653,877.0,stage4_power_sweep
distilbert,300.0,256,fp16,0.9443548135459424,262.4250900228721,277.88823253571024,4337.352805583737,98.80851063829788,55.0,1473.7021276595744,877.0,stage4_power_sweep
distilbert,300.0,16,fp16,1.580854568630457,333.40544831861143,210.9020367429819,2591.0036769217118,71.0,28.82051282051282,1529.076923076923,877.0,stage4_power_sweep
distilbert,300.0,32,fp32,4.158051811158657,1198.0595632885231,288.1300228326591,985.0767104459512,99.21256038647344,29.73913043478261,1528.4444444444443,877.0,stage4_power_sweep
resnet18,300.0,128,fp32,1.96929495036602,516.8301944603563,262.44427954496933,4159.864421770546,98.26530612244898,80.60204081632654,1530.0,877.0,stage4_power_sweep
resnet18,300.0,8,fp16,3.817349262535572,482.9340832170868,126.51032169278396,2145.9917436422056,44.44210526315789,12.621052631578948,1530.0,877.0,stage4_power_sweep
distilbert,300.0,8,fp16,3.177391730248928,467.3082642902049,147.07291513394676,1289.1076542454225,43.29113924050633,12.556962025316457,1530.0,877.0,stage4_power_sweep
distilbert,300.0,8,fp32,4.766499321907759,1349.5586621447255,283.13413492830915,859.3308680804771,97.66386554621847,35.97899159663866,1524.361344537815,877.0,stage4_power_sweep
distilbert,300.0,32,fp32,4.158687099814415,1194.592748019658,287.2523754126556,984.9262283240274,99.53623188405795,29.845410628019323,1527.9565217391305,877.0,stage4_power_sweep
resnet18,300.0,8,fp16,3.812837433069944,483.05368452936176,126.69139269869846,2148.531151354158,44.53684210526316,12.636842105263158,1530.0,877.0,stage4_power_sweep
distilbert,300.0,256,fp32,3.7948944345116615,1092.5648907242598,287.9038955045015,1079.3449121403785,99.83068783068784,32.851851851851855,1481.931216931217,877.0,stage4_power_sweep
distilbert,300.0,16,fp32,4.291648652404547,1233.3315263265868,287.3794260011405,954.4117731317712,97.92523364485982,36.373831775700936,1502.5607476635514,877.0,stage4_power_sweep
resnet18,300.0,64,fp32,2.0674647726118565,531.6958853197543,257.17288747225217,3962.3407898026408,96.15533980582524,77.3883495145631,1529.9223300970873,877.0,stage4_power_sweep
distilbert,300.0,8,fp32,4.769061874598265,1352.874631385076,283.677307394767,858.8691251452966,97.781512605042,36.05462184873949,1521.8361344537816,877.0,stage4_power_sweep
resnet18,300.0,8,fp32,3.328073799610138,757.1816448342017,227.51347789309855,2461.483877238431,87.07228915662651,38.31325301204819,1530.0,877.0,stage4_power_sweep
resnet18,300.0,32,fp32,2.1347181759774685,556.3084233533509,260.60040599908336,3837.508900325429,94.56603773584904,63.37735849056604,1530.0,877.0,stage4_power_sweep
distilbert,300.0,64,fp16,1.012407187372446,281.0639560232328,277.6194791274575,4045.802964546869,91.16326530612244,50.06122448979592,1515.3877551020407,877.0,stage4_power_sweep
resnet18,300.0,64,fp16,1.0514527410268784,261.16455344518823,248.38449057646432,7791.125250193805,88.84615384615384,53.46153846153846,1530.0,877.0,stage4_power_sweep
resnet18,300.0,128,fp32,1.977386113256216,517.7423331247181,261.83168257014694,4142.842889955371,97.86734693877553,80.09183673469387,1530.0,877.0,stage4_power_sweep
distilbert,300.0,64,fp32,4.036239992827177,1153.7406289420592,285.84539843824393,1014.8058607216178,99.64179104477611,29.920398009950247,1502.407960199005,877.0,stage4_power_sweep
distilbert,300.0,128,fp32,3.812284514307976,1107.3959270970402,290.48092369308904,1074.42138293383,99.53684210526316,31.58421052631579,1500.8,877.0,stage4_power_sweep
resnet18,300.0,128,fp16,0.9864100590348244,250.4598709059855,253.91049960607023,8304.862592353986,92.16326530612244,61.02040816326531,1528.4489795918366,877.0,stage4_power_sweep
resnet18,300.0,32,fp16,1.1762835755944252,275.8326976491786,234.4950685125301,6964.307051435484,89.3103448275862,45.82758620689656,1530.0,877.0,stage4_power_sweep
distilbert,300.0,8,fp16,3.16914276778698,470.441123886554,148.44428236821412,1292.463072864416,43.177215189873415,12.5126582278481,1530.0,877.0,stage4_power_sweep
resnet18,300.0,256,fp16,0.9307485222816468,243.7585209457767,261.8951468740713,8801.518137163457,97.58695652173913,66.73913043478261,1530.0,877.0,stage4_power_sweep
resnet18,300.0,16,fp16,1.9092176631093023,336.02523499143774,176.0015327137691,4290.762734018876,66.88421052631578,27.50526315789474,1530.0,877.0,stage4_power_sweep
distilbert,300.0,32,fp16,1.101974092423916,296.1613468453195,268.7552719083253,3716.965787272174,89.55555555555556,45.64814814814815,1530.0,877.0,stage4_power_sweep
distilbert,300.0,16,fp16,1.5832017697393894,336.2868714142201,212.40935794909845,2587.162342974289,70.33333333333333,28.57692307692308,1530.0,877.0,stage4_power_sweep
resnet18,300.0,256,fp32,1.898104004561901,510.508569198016,268.9571108701421,4315.885736667409,99.45744680851064,80.37234042553192,1528.9893617021276,877.0,stage4_power_sweep
distilbert,300.0,128,fp16,0.963371992111206,267.9408058720539,278.1280835089135,4251.732491229807,96.125,53.79166666666666,1476.7708333333333,877.0,stage4_power_sweep
resnet18,300.0,16,fp32,2.3609957955777645,591.3532982571322,250.467747280516,3469.7224007530763,94.5982905982906,57.71794871794872,1528.974358974359,877.0,stage4_power_sweep
distilbert,300.0,256,fp16,0.9427856840193272,263.474945155357,279.4643041588185,4344.571697925816,98.43478260869566,54.82608695652174,1482.7608695652175,877.0,stage4_power_sweep
distilbert,300.0,32,fp32,4.155122954398394,1199.7262969419885,288.7342468823989,985.7710698221796,99.1159420289855,29.768115942028984,1529.2028985507247,877.0,stage4_power_sweep
distilbert,300.0,8,fp32,4.765290129929781,1352.367541769731,283.7954258599693,859.548923217474,97.72151898734175,36.0548523206751,1526.8776371308018,877.0,stage4_power_sweep
resnet18,300.0,32,fp16,1.1762600280344486,276.6332010518394,235.18031256583492,6964.446469960369,88.13793103448276,45.5,1530.0,877.0,stage4_power_sweep
distilbert,300.0,256,fp16,0.943543754518032,264.85759763127874,280.70515687592,4341.081142646386,99.6086956521739,55.45652173913044,1478.2391304347825,877.0,stage4_power_sweep
resnet18,300.0,128,fp32,1.977906346321106,513.0622050078105,259.396611958955,4141.753230751836,96.9795918367347,79.45918367346938,1529.7551020408164,877.0,stage4_power_sweep
resnet18,300.0,32,fp32,2.135172989219427,555.177076043681,260.0150333705007,3836.691472476344,94.60377358490568,63.36792452830189,1530.0,877.0,stage4_power_sweep
resnet18,300.0,64,fp32,2.066645834594965,531.8180515227343,257.3339091876686,3963.910924101576,95.96116504854368,77.16504854368932,1530.0,877.0,stage4_power_sweep
resnet18,300.0,16,fp32,2.342287540435791,592.6697497159488,253.0303130954112,3497.4356728533207,94.13793103448276,57.6551724137931,1530.0,877.0,stage4_power_sweep
distilbert,300.0,64,fp32,4.054747760295868,1141.2604791321064,281.4627559098351,1010.1738115766594,99.68811881188118,29.89108910891089,1482.59900990099,877.0,stage4_power_sweep
distilbert,300.0,16,fp32,4.296017773449421,1228.8826314316918,286.0515706025535,953.441120591822,97.9766355140187,36.742990654205606,1504.214953271028,877.0,stage4_power_sweep
resnet18,300.0,128,fp16,0.9854345358908176,253.0721599070888,256.81275690050325,8313.083925554281,92.83673469387756,61.40816326530612,1530.0,877.0,stage4_power_sweep
resnet18,300.0,16,fp16,1.9083034172654152,337.73284260554215,176.98068323406915,4292.818388251421,66.94736842105263,27.32631578947369,1530.0,877.0,stage4_power_sweep
resnet18,300.0,8,fp16,3.8068337477743626,484.54306474970974,127.28243386856448,2151.919559079614,44.47368421052632,12.626315789473685,1530.0,877.0,stage4_power_sweep
distilbert,300.0,8,fp16,3.170691464096308,471.251494686822,148.62735779343177,1291.8317806641014,43.28481012658228,12.550632911392404,1530.0,877.0,stage4_power_sweep
resnet18,300.0,256,fp16,0.930479358881712,245.12607295807177,263.4406347849288,8804.064186706388,95.22727272727272,65.22727272727273,1530.0,877.0,stage4_power_sweep
distilbert,300.0,32,fp16,1.1003853380680084,295.5121955115208,268.5533742483007,3722.332403293845,89.33333333333333,45.5925925925926,1530.0,877.0,stage4_power_sweep
resnet18,300.0,64,fp16,1.0518787689507008,261.1975307467999,248.31524169591984,7787.9697183848575,89.71153846153847,54.0,1530.0,877.0,stage4_power_sweep
resnet18,300.0,256,fp32,1.8977675437927248,509.85833921402246,268.6621661760854,4316.650912697206,99.82978723404256,80.45744680851064,1530.0,877.0,stage4_power_sweep
distilbert,300.0,16,fp16,1.588428057730198,338.0098306569005,212.79517760464609,2578.64999303338,69.9620253164557,28.60759493670886,1530.0,877.0,stage4_power_sweep
distilbert,300.0,64,fp16,1.012642577290535,281.2257277527765,277.71469821586487,4044.862513049188,90.84,49.92,1512.56,877.0,stage4_power_sweep
resnet18,300.0,8,fp32,3.3248635418713093,758.6060238719567,228.16155138956347,2463.860515427155,87.33734939759036,38.30722891566265,1530.0,877.0,stage4_power_sweep
distilbert,300.0,128,fp32,3.8114536069333553,1106.6886819544238,290.3586914822376,1074.6556097518885,99.90526315789474,31.75263157894737,1504.0842105263157,877.0,stage4_power_sweep
distilbert,300.0,128,fp16,0.9636410400271416,268.2622580826754,278.3840112030924,4250.545410441043,94.95744680851064,53.297872340425535,1475.872340425532,877.0,stage4_power_sweep
distilbert,300.0,256,fp32,3.796024028211832,1094.3047450503643,288.2765590832815,1079.0237283954907,99.9047619047619,32.74074074074074,1477.7037037037037,877.0,stage4_power_sweep
