timestamp,gpu_name,repeat,target_power_w,failed,error,workload,batch_size,precision,power_limit_w,total_samples,runtime_s,avg_power_w,energy_j,energy_counter_j,throughput_sps,energy_per_sample_j,peak_power_w,avg_gpu_util,avg_mem_util,avg_sm_clock_mhz,avg_mem_clock_mhz,n_power_samples
2026-10-01T10:29:00+00:00,Tesla V100-DGXS-32GB,0,100,False,,distilbert,16,fp32,100.0,4096,9.819620467722416,100.12093418072605,983.1495745285464,983.2460000514984,417.12406436315507,0.2400267515938834,107.811,99.4642126789366,16.196319018404907,596.3742331288344,877.0,489
2026-10-01T10:29:12+00:00,Tesla V100-DGXS-32GB,0,100,False,,resnet18,8,fp32,100.0,8192,5.206947408616543,100.63947304143436,524.0244433576311,525.220999956131,1573.2826466508463,0.06396782755830457,154.182,99.04615384615384,24.9,789.7923076923076,877.0,260
2026-10-01T10:29:20+00:00,Tesla V100-DGXS-32GB,0,100,False,,distilbert,32,fp16,100.0,4096,2.313699923455715,101.53726991594532,234.92677363242495,235.08700001239777,1770.324646889499,0.05735516934385375,112.52,95.49565217391304,22.704347826086956,590.3130434782609,877.0,115
2026-10-01T10:29:24+00:00,Tesla V100-DGXS-32GB,0,100,False,,resnet18,64,fp16,100.0,8192,1.9636042527854443,100.11831533473477,196.59274977299935,199.45300006866455,4171.920074210141,0.023998138400024335,117.936,97.69072164948453,30.917525773195877,679.4742268041238,877.0,97
2026-10-01T10:29:29+00:00,Tesla V100-DGXS-32GB,0,100,False,,resnet18,64,fp32,100.0,8192,4.085993319749832,100.54966885873633,410.84527525985436,412.75099992752075,2004.8980404357492,0.05015201114011894,113.076,99.41176470588235,40.794117647058826,571.2450980392157,877.0,204
2026-10-01T10:29:35+00:00,Tesla V100-DGXS-32GB,0,100,False,,resnet18,256,fp16,100.0,8192,1.939127303659916,99.49839127834082,192.94004719806833,191.20700001716614,4224.580812481156,0.02355225185523295,106.258,99.82291666666667,33.09375,573.6666666666666,877.0,96
2026-10-01T10:29:40+00:00,Tesla V100-DGXS-32GB,0,100,False,,distilbert,256,fp32,100.0,4096,8.74989690259099,100.33717011954317,877.9398940437361,878.4620000123978,468.1198013644145,0.2143407944442715,108.558,99.95881006864988,14.233409610983982,592.3867276887872,877.0,437
2026-10-01T10:29:54+00:00,Tesla V100-DGXS-32GB,0,100,False,,distilbert,128,fp16,100.0,4096,3.3351921401917934,81.26254113516066,271.02618848600014,272.04299998283386,1228.115151340113,0.06616850304833988,110.385,99.42168674698796,16.674698795180724,465.078313253012,877.0,166
2026-10-01T10:29:59+00:00,Tesla V100-DGXS-32GB,0,100,False,,resnet18,256,fp32,100.0,8192,3.8845056369900703,100.10286408282114,388.85013980856957,391.472000002861,2108.891263277356,0.04746705808210078,115.347,98.96373056994818,39.66321243523316,546.580310880829,877.0,193
2026-10-01T10:30:07+00:00,Tesla V100-DGXS-32GB,0,100,False,,resnet18,32,fp32,100.0,8192,4.252391804009676,100.2882541174283,426.4649498473917,428.91799998283386,1926.4452518875562,0.052058709698167935,114.771,99.40566037735849,33.18396226415094,622.872641509434,877.0,212
2026-10-01T10:30:14+00:00,Tesla V100-DGXS-32GB,0,100,False,,resnet18,16,fp32,100.0,8192,4.423923306167126,100.83357623455557,446.08000794823,448.5620000362396,1851.7500040247137,0.05445312597024292,140.993,99.41552511415524,31.922374429223744,681.2328767123288,877.0,219
2026-10-01T10:30:20+00:00,Tesla V100-DGXS-32GB,0,100,False,,distilbert,128,fp32,100.0,4096,8.763305801898241,99.57000729921755,872.5624226602833,874.2450000047684,467.40352243701864,0.21302793521979574,104.546,99.86270022883295,13.807780320366133,599.604118993135,877.0,437
2026-10-01T10:30:33+00:00,Tesla V100-DGXS-32GB,0,100,False,,resnet18,16,fp16,100.0,8192,2.0788844376802444,101.53315021567204,211.07568589201117,212.5809999704361,3940.5749793101395,0.025766074937989644,125.804,97.38709677419355,25.70967741935484,908.1935483870968,877.0,93
2026-10-01T10:30:37+00:00,Tesla V100-DGXS-32GB,0,100,False,,distilbert,64,fp16,100.0,4096,2.299244489520788,100.61185003896601,231.3312417825845,235.11899995803833,1781.4547424896489,0.056477353950826294,116.688,97.21929824561404,23.157894736842106,521.1140350877193,877.0,114
2026-10-01T10:30:41+00:00,Tesla V100-DGXS-32GB,0,100,False,,resnet18,32,fp16,100.0,8192,1.9731204025447369,102.68042175022501,202.60083509726732,204.62000000476837,4151.79934758911,0.02473154725308439,152.93,96.4375,28.375,777.7604166666666,877.0,96
2026-10-01T10:30:46+00:00,Tesla V100-DGXS-32GB,0,100,False,,distilbert,64,fp32,100.0,4096,9.33941801264882,100.30672351359776,936.8064203726799,936.7009999752045,438.5712251504956,0.2287125049737988,169.218,99.58798283261802,12.939914163090128,575.3540772532189,877.0,466
2026-10-01T10:30:58+00:00,Tesla V100-DGXS-32GB,0,100,False,,resnet18,128,fp16,100.0,8192,1.9666370563209057,100.43647583348859,197.52209518041778,199.55400002002716,4165.486444827404,0.024111583884328342,104.626,99.57142857142857,33.04081632653061,612.1428571428571,877.0,98
2026-10-01T10:31:02+00:00,Tesla V100-DGXS-32GB,0,100,False,,distilbert,256,fp16,100.0,4096,2.4126329980790615,96.31753688437736,232.37886778094594,233.04900002479553,1697.730240472229,0.056733122016832505,129.124,99.00847457627118,21.423728813559322,484.66101694915255,877.0,118
2026-10-01T10:31:08+00:00,Tesla V100-DGXS-32GB,0,100,False,,distilbert,16,fp16,100.0,4096,2.298737782984972,101.35014480649875,232.9774071776968,236.23199999332428,1781.8474252775518,0.05687924979924238,150.146,94.3859649122807,20.18421052631579,714.7631578947369,877.0,114
2026-10-01T10:31:12+00:00,Tesla V100-DGXS-32GB,0,100,False,,distilbert,32,fp32,100.0,4096,9.118111316114664,100.10456466793606,912.76456389344,912.3560000658035,449.21583626216955,0.22284291110679688,104.193,99.96483516483516,13.956043956043956,622.6945054945055,877.0,455
2026-10-01T10:31:23+00:00,Tesla V100-DGXS-32GB,0,100,False,,resnet18,128,fp32,100.0,8192,4.003575060516596,99.71352452739879,399.2105799941037,400.2519999742508,2046.171203530016,0.048731760253186485,103.889,98.91959798994975,40.753768844221106,556.572864321608,877.0,199
2026-10-01T10:31:30+00:00,Tesla V100-DGXS-32GB,0,100,False,,resnet18,8,fp16,100.0,8192,3.7802805230021477,99.96927948567043,377.9119201382381,378.4830000400543,2167.0349462569093,0.04613182618874977,105.312,51.691489361702125,12.622340425531915,1345.6010638297873,877.0,188
2026-10-01T10:31:36+00:00,Tesla V100-DGXS-32GB,0,100,False,,distilbert,8,fp16,100.0,4096,3.101835209876299,100.44191252241916,311.5542608093549,312.62199997901917,1320.508577295874,0.07606305195540891,116.399,55.753246753246756,13.077922077922079,1134.4415584415585,877.0,154
2026-10-01T10:31:42+00:00,Tesla V100-DGXS-32GB,0,100,False,,distilbert,8,fp32,100.0,4096,11.171475313603878,100.24135813076046,1119.8438577599159,1119.1829999685287,366.6480822825759,0.27339937933591696,106.466,99.12208258527828,14.992818671454218,564.7289048473967,877.0,557
2026-10-01T10:31:55+00:00,Tesla V100-DGXS-32GB,1,100,False,,distilbert,32,fp32,100.0,4096,9.091131795197725,100.33047931092982,912.1176104910217,913.722000002861,450.5489626895146,0.22268496349878458,123.938,99.56291390728477,13.94260485651214,623.4260485651214,877.0,453
2026-10-01T10:32:06+00:00,Tesla V100-DGXS-32GB,1,100,False,,resnet18,8,fp16,100.0,8192,3.7371798641979694,99.50259168253235,371.85908207147224,372.4810000658035,2192.0272231152226,0.045392954354427764,103.884,51.13978494623656,12.602150537634408,1335.6720430107528,877.0,186
2026-10-01T10:32:12+00:00,Tesla V100-DGXS-32GB,1,100,False,,distilbert,256,fp32,100.0,4096,8.763808004558086,100.27314590139764,878.7745986928895,882.5319999456406,467.3767382705847,0.21454457975900623,196.618,99.5229357798165,14.15137614678899,587.8784403669724,877.0,436
2026-10-01T10:32:26+00:00,Tesla V100-DGXS-32GB,1,100,False,,distilbert,16,fp32,100.0,4096,9.819008901715279,100.24222012504852,984.2792517355539,986.9140000343323,417.1500444698111,0.24030255169325046,166.583,99.38241308793457,16.167689161554193,594.5828220858896,877.0,489
2026-10-01T10:32:38+00:00,Tesla V100-DGXS-32GB,1,100,False,,resnet18,64,fp32,100.0,8192,4.091521520167589,100.46815996831735,411.06763860201033,413.08000004291534,2002.1891513024364,0.050179155102784465,111.06,98.94117647058823,40.995098039215684,571.8529411764706,877.0,204
2026-10-01T10:32:44+00:00,Tesla V100-DGXS-32GB,1,100,False,,distilbert,8,fp32,100.0,4096,11.183713488280773,100.24941360500291,1121.160719126509,1118.738000035286,366.24686462972517,0.2737208786929954,103.424,99.27012522361359,15.02504472271914,564.1305903398927,877.0,559
2026-10-01T10:32:57+00:00,Tesla V100-DGXS-32GB,1,100,False,,resnet18,8,fp32,100.0,8192,5.235526740550995,100.9423147620647,528.4861881899052,528.1570000648499,1564.694519951561,0.06451247414427554,146.011,97.83783783783784,24.822393822393824,786.8571428571429,877.0,259
2026-10-01T10:33:04+00:00,Tesla V100-DGXS-32GB,1,100,False,,resnet18,32,fp32,100.0,8192,4.26131422445178,100.24436323380121,427.17273096930813,427.9470000267029,1922.411624327916,0.05214510876090187,118.069,97.5781990521327,32.81516587677725,621.5545023696683,877.0,211
2026-10-01T10:33:11+00:00,Tesla V100-DGXS-32GB,1,100,False,,distilbert,64,fp16,100.0,4096,2.322610531002283,100.38639236504736,233.15849207638618,233.58100008964539,1763.5328632702103,0.05692345997958647,109.809,98.67241379310344,23.560344827586206,516.6120689655172,877.0,116
2026-10-01T10:33:15+00:00,Tesla V100-DGXS-32GB,1,100,False,,resnet18,64,fp16,100.0,8192,1.9548380635678768,100.50397484455941,196.46899556601312,198.17499995231628,4190.628447784751,0.023983031685304336,116.977,94.61052631578947,30.589473684210525,685.6526315789474,877.0,95
2026-10-01T10:33:19+00:00,Tesla V100-DGXS-32GB,1,100,False,,resnet18,128,fp32,100.0,8192,3.9915731251239777,100.15997607895152,399.7958687298034,399.00600004196167,2052.323668690288,0.048803206632056076,104.563,98.91959798994975,40.778894472361806,562.0753768844221,877.0,199
2026-10-01T10:33:26+00:00,Tesla V100-DGXS-32GB,1,100,False,,distilbert,64,fp32,100.0,4096,9.401977486908436,99.99696097140986,940.1691758124571,939.7439999580383,435.6530321098279,0.22953349018858815,107.887,99.97002141327623,13.02355460385439,572.8458244111349,877.0,467
2026-10-01T10:33:38+00:00,Tesla V100-DGXS-32GB,1,100,False,,distilbert,128,fp32,100.0,4096,8.788347385823727,99.61386515561459,875.4412514321427,875.0630000829697,466.0716992829801,0.21373077427542547,104.065,99.91799544419135,13.863325740318906,597.9111617312072,877.0,439
2026-10-01T10:33:50+00:00,Tesla V100-DGXS-32GB,1,100,False,,resnet18,128,fp16,100.0,8192,1.944905262440443,101.36503725970653,197.1453943938748,198.02999997138977,4212.030353458337,0.024065599901596044,119.281,97.41052631578947,32.90526315789474,619.0,877.0,95
2026-10-01T10:33:54+00:00,Tesla V100-DGXS-32GB,1,100,False,,resnet18,32,fp16,100.0,8192,1.9657921232283115,102.5581670309722,201.60803692221867,205.35699999332428,4167.276846417887,0.02461035606960677,151.644,94.3265306122449,28.255102040816325,782.5102040816327,877.0,98
2026-10-01T10:33:58+00:00,Tesla V100-DGXS-32GB,1,100,False,,distilbert,8,fp16,100.0,4096,3.103204119950533,100.12053171638266,310.69444651391666,312.7719999551773,1319.9260640532061,0.07585313635593668,111.148,55.896103896103895,12.896103896103897,1130.1168831168832,877.0,154
2026-10-01T10:34:03+00:00,Tesla V100-DGXS-32GB,1,100,False,,resnet18,256,fp16,100.0,8192,1.9439906738698483,99.52720430267024,193.47995696073,193.87599992752075,4214.011985814938,0.02361815880868286,108.178,99.15789473684211,32.77894736842105,571.1263157894737,877.0,95
2026-10-01T10:34:07+00:00,Tesla V100-DGXS-32GB,1,100,False,,resnet18,16,fp16,100.0,8192,2.0810324624180794,101.75213267082945,211.74949120826733,212.0789999961853,3936.5075499500917,0.025848326563509195,128.539,94.83720930232558,25.209302325581394,907.1744186046511,877.0,86
2026-10-01T10:34:12+00:00,Tesla V100-DGXS-32GB,1,100,False,,distilbert,32,fp16,100.0,4096,2.3301431499421597,101.2320006329323,235.88505282976757,236.15699994564056,1757.8319169368087,0.057589124226017474,123.327,95.47826086956522,22.704347826086956,585.1739130434783,877.0,115
2026-10-01T10:34:16+00:00,Tesla V100-DGXS-32GB,1,100,False,,distilbert,16,fp16,100.0,4096,2.30988135188818,101.88757430659984,235.3482078799362,238.64400005340576,1773.2512523432351,0.05745805856443755,142.336,94.93859649122807,20.24561403508772,710.9912280701755,877.0,114
2026-10-01T10:34:20+00:00,Tesla V100-DGXS-32GB,1,100,False,,resnet18,256,fp32,100.0,8192,3.9481317177414894,100.22834645944607,395.71471367332197,396.4819999933243,2074.905445324452,0.048305018758950435,112.215,99.58974358974359,39.59487179487179,543.4051282051282,877.0,195
2026-10-01T10:34:27+00:00,Tesla V100-DGXS-32GB,1,100,False,,distilbert,128,fp16,100.0,4096,3.1202303022146225,83.97939489024863,262.0350526982016,266.4470000267029,1312.7236143732123,0.06397340153764687,105.295,99.87096774193549,16.961290322580645,454.47741935483873,877.0,155
2026-10-01T10:34:33+00:00,Tesla V100-DGXS-32GB,1,100,False,,resnet18,16,fp32,100.0,8192,4.4262827560305595,101.26670400310931,448.2350656890136,451.09300005435944,1850.7629203848,0.05471619454211592,160.465,97.11415525114155,31.680365296803654,681.3744292237443,877.0,219
2026-10-01T10:34:39+00:00,Tesla V100-DGXS-32GB,1,100,False,,distilbert,256,fp16,100.0,4096,2.477102115750313,94.44233848251645,233.94331647144867,237.88900005817413,1653.5450734776527,0.05711506749791227,114.513,99.15447154471545,20.926829268292682,479.6341463414634,877.0,123
2026-10-01T10:34:44+00:00,Tesla V100-DGXS-32GB,2,100,False,,distilbert,32,fp32,100.0,4096,9.10516643896699,100.32775213710379,913.5008816557561,914.5760000944138,449.85448947649377,0.22302267618548732,139.934,99.64459161147903,13.927152317880795,621.0772626931567,877.0,453
2026-10-01T10:34:56+00:00,Tesla V100-DGXS-32GB,2,100,False,,distilbert,8,fp32,100.0,4096,11.21144075319171,100.17878182678592,1123.1484771779287,1120.5779999494553,365.3410913163803,0.27420617118601776,107.811,99.05178571428571,14.991071428571429,562.5392857142857,877.0,560
2026-10-01T10:35:09+00:00,Tesla V100-DGXS-32GB,2,100,False,,resnet18,32,fp16,100.0,8192,1.9750244617462158,102.5272464592381,202.49381975247834,204.72900009155273,4147.796727923588,0.024718483856503704,156.41,93.5625,28.104166666666668,780.8541666666666,877.0,96
2026-10-01T10:35:13+00:00,Tesla V100-DGXS-32GB,2,100,False,,distilbert,256,fp16,100.0,4096,3.6725853867828846,76.47748459512081,280.87009234195386,283.64600002765656,1115.290611006874,0.06857179988817233,106.83,99.89071038251366,14.163934426229508,444.73770491803276,877.0,183
2026-10-01T10:35:20+00:00,Tesla V100-DGXS-32GB,2,100,False,,resnet18,128,fp32,100.0,8192,3.9842443838715553,99.89094666871264,397.9899432644314,400.61500000953674,2056.098775758253,0.04858275674614641,111.251,98.24242424242425,40.72727272727273,562.1212121212121,877.0,198
2026-10-01T10:35:26+00:00,Tesla V100-DGXS-32GB,2,100,False,,resnet18,32,fp32,100.0,8192,4.242433659732342,100.71743070878745,427.2870181607197,429.83899998664856,1930.9671422220517,0.05215905983407223,138.051,97.45283018867924,32.75471698113208,620.127358490566,877.0,212
2026-10-01T10:35:33+00:00,Tesla V100-DGXS-32GB,2,100,False,,resnet18,64,fp32,100.0,8192,4.0831445418298244,100.7172972602447,411.2432825760201,411.2239999771118,2006.2968420728082,0.050200596017580576,116.439,98.34482758620689,40.69950738916256,572.4137931034483,877.0,203
2026-10-01T10:35:39+00:00,Tesla V100-DGXS-32GB,2,100,False,,resnet18,16,fp32,100.0,8192,4.422314092516899,101.43859675196661,448.5933359413609,449.97500002384186,1852.4238280274742,0.05475992870377941,172.479,97.08597285067873,31.638009049773757,680.1357466063348,877.0,221
2026-10-01T10:35:46+00:00,Tesla V100-DGXS-32GB,2,100,False,,distilbert,64,fp32,100.0,4096,9.403679847717285,100.01507375520644,940.5097335397928,940.5809999704361,435.5741652555613,0.22961663416498848,104.557,99.9360341151386,12.931769722814499,572.9680170575693,877.0,469
2026-10-01T10:35:58+00:00,Tesla V100-DGXS-32GB,2,100,False,,distilbert,16,fp32,100.0,4096,9.880599215626717,100.0276707661742,988.3333253132282,990.4430000782013,414.54975661009996,0.24129231575029986,107.117,99.65314401622717,16.202839756592294,592.3732251521299,877.0,493
2026-10-01T10:36:10+00:00,Tesla V100-DGXS-32GB,2,100,False,,resnet18,128,fp16,100.0,8192,1.9570368714630604,100.64951313129049,196.97480829274096,197.92899990081787,4185.920111906602,0.02404477640292248,104.914,97.33333333333333,32.78125,616.7395833333334,877.0,96
2026-10-01T10:36:14+00:00,Tesla V100-DGXS-32GB,2,100,False,,resnet18,16,fp16,100.0,8192,2.0786339044570923,101.89272185695917,211.79766626929154,212.82799994945526,3941.049928241032,0.025854207308263127,126.219,95.85858585858585,25.595959595959595,909.1717171717172,877.0,99
2026-10-01T10:36:18+00:00,Tesla V100-DGXS-32GB,2,100,False,,resnet18,8,fp16,100.0,8192,3.9400322064757347,99.89688245036011,393.59693418093946,393.76599991321564,2079.1708216333463,0.04804650075450921,104.544,47.56122448979592,12.198979591836734,1364.75,877.0,196
2026-10-01T10:36:24+00:00,Tesla V100-DGXS-32GB,2,100,False,,distilbert,8,fp16,100.0,4096,3.2604007720947266,100.1904970304393,326.6611738745987,327.75,1256.2872745758864,0.0797512631529782,109.838,52.141975308641975,12.5,1164.0185185185185,877.0,162
2026-10-01T10:36:29+00:00,Tesla V100-DGXS-32GB,2,100,False,,resnet18,256,fp16,100.0,8192,1.8832121826708317,101.87647025115878,191.85500990448477,192.47699999809265,4350.014340063287,0.02341980101373105,149.105,97.92307692307692,32.8021978021978,586.934065934066,877.0,91
2026-10-01T10:36:34+00:00,Tesla V100-DGXS-32GB,2,100,False,,distilbert,32,fp16,100.0,4096,2.3369287252426147,101.18395867829535,236.45969956907015,237.88499999046326,1752.7278242406655,0.05772941884010502,111.695,95.13793103448276,22.57758620689655,584.1465517241379,877.0,116
2026-10-01T10:36:38+00:00,Tesla V100-DGXS-32GB,2,100,False,,resnet18,64,fp16,100.0,8192,1.9776948355138302,100.70398075789778,199.16174266057857,200.83000004291534,4142.196183604643,0.024311736164621407,109.513,95.95918367346938,30.877551020408163,676.8367346938776,877.0,98
2026-10-01T10:36:42+00:00,Tesla V100-DGXS-32GB,2,100,False,,resnet18,256,fp32,100.0,8192,3.956974256783724,99.74794515440922,394.7000511430721,396.6180000305176,2070.2687125032135,0.04818115858680079,111.158,99.54314720812182,39.14720812182741,537.3857868020305,877.0,197
2026-10-01T10:36:49+00:00,Tesla V100-DGXS-32GB,2,100,False,,distilbert,16,fp16,100.0,4096,2.304707422852516,102.27895373002748,235.72306386318337,238.77600002288818,1777.2320943586049,0.0575495761384725,147.16,93.8141592920354,20.035398230088497,716.2035398230089,877.0,113
2026-10-01T10:36:53+00:00,Tesla V100-DGXS-32GB,2,100,False,,distilbert,64,fp16,100.0,4096,2.3054740764200687,101.21021700983624,233.33753158502694,236.26699995994568,1776.6411003676315,0.05696717079712572,117.682,98.36521739130434,23.51304347826087,518.4173913043478,877.0,115
2026-10-01T10:36:58+00:00,Tesla V100-DGXS-32GB,2,100,False,,resnet18,8,fp32,100.0,8192,5.236002549529076,100.81726666023265,527.8794652695308,528.5640000104904,1564.5523321482694,0.06443841128778452,140.78,97.56923076923077,24.634615384615383,787.7076923076924,877.0,260
2026-10-01T10:37:05+00:00,Tesla V100-DGXS-32GB,2,100,False,,distilbert,128,fp32,100.0,4096,8.806322950869799,99.57389202487538,876.8798506460912,879.4140000343323,465.12034850998043,0.21408199478664336,105.39,99.88812785388127,13.817351598173516,596.703196347032,877.0,438
2026-10-01T10:37:17+00:00,Tesla V100-DGXS-32GB,2,100,False,,distilbert,128,fp16,100.0,4096,2.8592747151851654,89.30325582762161,255.34254137163074,253.6670000553131,1432.531116456484,0.06233948763955829,115.247,99.55633802816901,19.176056338028168,474.49295774647885,877.0,142
2026-10-01T10:37:22+00:00,Tesla V100-DGXS-32GB,2,100,False,,distilbert,256,fp32,100.0,4096,8.811216000467539,100.20178150111218,882.8995404379519,883.2059999704361,464.86205760733355,0.21555164561473436,110.5,99.95899772209567,14.161731207289295,587.4783599088838,877.0,439
2026-10-01T10:37:37+00:00,Tesla V100-DGXS-32GB,0,125,False,,distilbert,16,fp32,125.0,4096,7.136574603617191,124.94635690681946,891.6889975156972,892.7369999885559,573.9448163162102,0.21769750915910577,155.006,98.95197740112994,21.728813559322035,831.3644067796611,877.0,354
2026-10-01T10:37:46+00:00,Tesla V100-DGXS-32GB,0,125,False,,resnet18,8,fp32,125.0,8192,3.9915469363331795,125.28385372204818,500.07638249625563,502.5070000886917,2052.3371341151137,0.061044480285187455,159.924,96.98492462311557,33.09045226130653,1064.6633165829146,877.0,199
2026-10-01T10:37:52+00:00,Tesla V100-DGXS-32GB,0,125,False,,distilbert,32,fp16,125.0,4096,1.7111487686634064,125.10357137514718,214.07082211397767,217.00300002098083,2393.713553731171,0.05226338430517033,170.43,94.88095238095238,29.095238095238095,810.9642857142857,877.0,84
2026-10-01T10:37:56+00:00,Tesla V100-DGXS-32GB,0,125,False,,resnet18,64,fp16,125.0,8192,1.438284482806921,126.6120492517885,182.10414577523304,186.39300000667572,5695.674324465138,0.02222950998232825,183.537,90.70967741935483,37.225806451612904,889.0967741935484,877.0,62
2026-10-01T10:38:00+00:00,Tesla V100-DGXS-32GB,0,125,False,,resnet18,64,fp32,125.0,8192,2.9485994577407837,125.34708712414766,369.59835312364856,371.46200001239777,2778.268163379745,0.04511698646528913,173.556,97.61379310344827,54.255172413793105,845.3862068965517,877.0,145
2026-10-01T10:38:05+00:00,Tesla V100-DGXS-32GB,0,125,False,,resnet18,256,fp16,125.0,8192,1.3986390568315983,124.22567303839574,173.74687817269233,176.52600002288818,5857.122293265366,0.021209335714439982,155.457,97.47058823529412,43.13235294117647,823.2352941176471,877.0,68
2026-10-01T10:38:08+00:00,Tesla V100-DGXS-32GB,0,125,False,,distilbert,256,fp32,125.0,4096,6.366155326366425,124.62894026969184,793.4071919173017,796.0270000696182,643.4024603571605,0.19370292771418499,132.425,99.82594936708861,19.151898734177216,823.2215189873418,877.0,316
2026-10-01T10:38:19+00:00,Tesla V100-DGXS-32GB,0,125,False,,distilbert,128,fp16,125.0,4096,1.6819593608379364,124.75412045826234,209.83136070787785,211.57099997997284,2435.255033724127,0.05122835954782174,182.195,98.53658536585365,30.573170731707318,716.2926829268292,877.0,82
2026-10-01T10:38:23+00:00,Tesla V100-DGXS-32GB,0,125,False,,resnet18,256,fp32,125.0,8192,2.838332500308752,125.64307528414977,356.6168240177416,360.8799999952316,2886.20166915218,0.04353232715060322,187.335,98.35714285714286,52.25,803.3285714285714,877.0,140
2026-10-01T10:38:28+00:00,Tesla V100-DGXS-32GB,0,125,False,,resnet18,32,fp32,125.0,8192,3.0843965224921703,125.24296144587548,386.2989547502793,390.125,2655.9490455464925,0.04715563412478995,166.071,97.11842105263158,43.44078947368421,869.3552631578947,877.0,152
2026-10-01T10:38:33+00:00,Tesla V100-DGXS-32GB,0,125,False,,resnet18,16,fp32,125.0,8192,3.2480839863419533,125.3480916215279,407.1411291144087,408.29900002479553,2522.102271507446,0.04969984486259872,174.586,95.82119205298014,41.728476821192054,934.0993377483444,877.0,151
2026-10-01T10:38:39+00:00,Tesla V100-DGXS-32GB,0,125,False,,distilbert,128,fp32,125.0,4096,6.344489775598049,124.53291831665149,790.0978269853824,792.2039999961853,645.599590333314,0.19289497729135313,138.955,99.84858044164038,18.813880126182966,837.9526813880126,877.0,317
2026-10-01T10:38:48+00:00,Tesla V100-DGXS-32GB,0,125,False,,resnet18,16,fp16,125.0,8192,1.9199955351650715,125.43668832763738,240.8378815349564,241.63399994373322,4266.676588545136,0.02939915546081011,130.084,78.83157894736843,27.326315789473686,1225.9894736842105,877.0,95
2026-10-01T10:38:52+00:00,Tesla V100-DGXS-32GB,0,125,False,,distilbert,64,fp16,125.0,4096,1.7047274634242058,124.49049897742465,212.2223725421988,215.3730000257492,2402.730106648577,0.05181210267143525,203.785,96.6987951807229,29.795180722891565,739.3614457831326,877.0,83
2026-10-01T10:38:56+00:00,Tesla V100-DGXS-32GB,0,125,False,,resnet18,32,fp16,125.0,8192,1.5147482752799988,125.79049669742172,190.54093791903392,191.8199999332428,5408.159318409339,0.02325939183581957,148.073,95.07042253521126,37.15492957746479,1038.4507042253522,877.0,71
2026-10-01T10:38:59+00:00,Tesla V100-DGXS-32GB,0,125,False,,distilbert,64,fp32,125.0,4096,6.7889840342104435,124.82112385951183,847.4086170144301,852.3089998960495,603.3303332810626,0.2068868693882886,192.086,99.6283185840708,17.504424778761063,804.740412979351,877.0,339
2026-10-01T10:39:09+00:00,Tesla V100-DGXS-32GB,0,125,False,,resnet18,128,fp16,125.0,8192,1.4010113887488842,124.54599985035588,174.49036421346543,175.25999999046326,5847.204430875848,0.02130009328777654,135.433,95.77272727272727,43.68181818181818,879.6515151515151,877.0,66
2026-10-01T10:39:12+00:00,Tesla V100-DGXS-32GB,0,125,False,,distilbert,256,fp16,125.0,4096,1.6357288658618927,124.65063285678791,203.89463831180086,208.07799994945526,2504.082483035322,0.04977896443159201,215.374,97.51898734177215,30.354430379746834,709.6455696202531,877.0,79
2026-10-01T10:39:16+00:00,Tesla V100-DGXS-32GB,0,125,False,,distilbert,16,fp16,125.0,4096,1.6972727216780186,126.46684892273946,214.6487328731408,215.73199999332428,2413.2833502152002,0.05240447579910664,149.935,93.73333333333333,27.093333333333334,950.24,877.0,75
2026-10-01T10:39:20+00:00,Tesla V100-DGXS-32GB,0,125,False,,distilbert,32,fp32,125.0,4096,6.632796425372362,125.03915668705291,829.3592715054592,830.8810000419617,617.5374212197463,0.2024802908948875,186.475,99.51963746223565,18.48942598187311,860.190332326284,877.0,331
2026-10-01T10:39:29+00:00,Tesla V100-DGXS-32GB,0,125,False,,resnet18,128,fp32,125.0,8192,2.8719545118510723,124.83805924784677,358.529227507585,362.5509999990463,2852.4128659405465,0.0437657748422345,162.071,97.97183098591549,54.359154929577464,829.0492957746479,877.0,142
2026-10-01T10:39:34+00:00,Tesla V100-DGXS-32GB,0,125,False,,resnet18,8,fp16,125.0,8192,3.9128448329865932,122.67064770554946,479.99121003377786,478.5629999637604,2093.617393395898,0.0585926770060764,125.476,43.52307692307692,11.692307692307692,1529.1538461538462,877.0,195
2026-10-01T10:39:40+00:00,Tesla V100-DGXS-32GB,0,125,False,,distilbert,8,fp16,125.0,4096,3.254421353340149,124.28680893069462,404.48164492255967,404.625,1258.595478362414,0.0987504015924218,131.923,44.99382716049383,12.462962962962964,1406.216049382716,877.0,162
2026-10-01T10:39:46+00:00,Tesla V100-DGXS-32GB,0,125,False,,distilbert,8,fp32,125.0,4096,8.133379869163036,124.58095346677598,1013.2642190078127,1014.5210000276566,503.6036759489875,0.24737895971870427,142.077,98.6509900990099,20.297029702970296,796.2351485148515,877.0,404
2026-10-01T10:39:56+00:00,Tesla V100-DGXS-32GB,1,125,False,,distilbert,32,fp32,125.0,4096,6.623507954180241,124.87458139551146,827.1077831480981,831.8460000753403,618.4034243387486,0.20193061112014113,191.131,99.67272727272727,18.393939393939394,856.2181818181818,877.0,330
2026-10-01T10:40:05+00:00,Tesla V100-DGXS-32GB,1,125,False,,resnet18,8,fp16,125.0,8192,3.906158681958914,122.4014952219617,478.1196632460182,478.154000043869,2097.201027146128,0.05836421670483621,125.757,43.6051282051282,11.805128205128206,1525.9794871794873,877.0,195
2026-10-01T10:40:11+00:00,Tesla V100-DGXS-32GB,1,125,False,,distilbert,256,fp32,125.0,4096,6.354926954954863,125.12714790723459,795.173885032309,795.1430000066757,644.5392730763642,0.19413424927546608,192.664,99.44126984126984,19.095238095238095,823.6857142857143,877.0,315
2026-10-01T10:40:21+00:00,Tesla V100-DGXS-32GB,1,125,False,,distilbert,16,fp32,125.0,4096,7.155142895877361,125.06950926395979,894.8902107008897,894.261999964714,572.4553736529883,0.2184790553468969,192.63,99.29131652661064,21.81232492997199,831.7899159663865,877.0,357
2026-10-01T10:40:30+00:00,Tesla V100-DGXS-32GB,1,125,False,,resnet18,64,fp32,125.0,8192,2.9636946320533752,124.29108158781212,368.3608113139069,370.5260000228882,2764.1174334901802,0.04496591934984215,133.354,97.54794520547945,54.3013698630137,842.2397260273973,877.0,146
2026-10-01T10:40:35+00:00,Tesla V100-DGXS-32GB,1,125,False,,distilbert,8,fp32,125.0,4096,8.13298575207591,124.84353154828524,1015.3506633210433,1018.1690000295639,503.6280801247578,0.24788834553736408,167.853,98.7871287128713,20.336633663366335,796.0321782178218,877.0,404
2026-10-01T10:40:46+00:00,Tesla V100-DGXS-32GB,1,125,False,,resnet18,8,fp32,125.0,8192,4.003396522253752,125.50600663916028,502.4503105011705,502.6160000562668,2046.2624560077882,0.06133426641859992,156.173,96.6497461928934,32.66497461928934,1057.5685279187817,877.0,197
2026-10-01T10:40:52+00:00,Tesla V100-DGXS-32GB,1,125,False,,resnet18,32,fp32,125.0,8192,3.0804664939641953,125.72086584016276,387.27891481278914,391.4229999780655,2659.3374789341947,0.04727525815585805,176.928,97.02702702702703,43.33783783783784,874.7094594594595,877.0,148
2026-10-01T10:40:57+00:00,Tesla V100-DGXS-32GB,1,125,False,,distilbert,64,fp16,125.0,4096,1.719558522105217,123.99208798508145,213.2116515683667,216.43900001049042,2382.0067461183926,0.05205362587118328,161.396,96.01190476190476,29.55952380952381,741.9761904761905,877.0,84
2026-10-01T10:41:01+00:00,Tesla V100-DGXS-32GB,1,125,False,,resnet18,64,fp16,125.0,8192,1.4362377226352692,124.83364371008464,179.29078815043457,182.92799997329712,5703.7911418793365,0.021886082537894844,171.358,91.11475409836065,37.67213114754098,891.5081967213115,877.0,61
2026-10-01T10:41:04+00:00,Tesla V100-DGXS-32GB,1,125,False,,resnet18,128,fp32,125.0,8192,2.8864214569330215,124.90477792026223,360.5278310624988,363.6890000104904,2838.1163742818217,0.04400974500274644,155.436,97.65957446808511,54.226950354609926,831.3617021276596,877.0,141
2026-10-01T10:41:10+00:00,Tesla V100-DGXS-32GB,1,125,False,,distilbert,64,fp32,125.0,4096,6.801308073103428,124.65129061310539,847.7918291696752,848.460000038147,602.2370926260661,0.20698042704337774,137.756,99.77352941176471,17.5,805.035294117647,877.0,340
2026-10-01T10:41:19+00:00,Tesla V100-DGXS-32GB,1,125,False,,distilbert,128,fp32,125.0,4096,6.349820956587791,124.7937226634132,792.417795418746,794.3569999933243,645.0575580009851,0.19346137583465478,172.892,99.33333333333333,18.746031746031747,834.2793650793651,877.0,315
2026-10-01T10:41:28+00:00,Tesla V100-DGXS-32GB,1,125,False,,resnet18,128,fp16,125.0,8192,1.4181818552315235,124.8843544781018,177.10872552314564,181.8730000257492,5776.410105502742,0.021619717471087114,177.466,95.91304347826087,42.11594202898551,858.1449275362319,877.0,69
2026-10-01T10:41:32+00:00,Tesla V100-DGXS-32GB,1,125,False,,resnet18,32,fp16,125.0,8192,1.51808175817132,125.88312005740414,191.10086822083542,192.05200004577637,5396.283800859366,0.0233277427027387,155.524,94.5,37.09722222222222,1039.7083333333333,877.0,72
2026-10-01T10:41:36+00:00,Tesla V100-DGXS-32GB,1,125,False,,distilbert,8,fp16,125.0,4096,3.2526055835187435,123.52068461379646,401.76406845489214,401.3690000772476,1259.2980903540272,0.09808693077512015,129.619,45.17283950617284,12.555555555555555,1394.8271604938273,877.0,162
2026-10-01T10:41:41+00:00,Tesla V100-DGXS-32GB,1,125,False,,resnet18,256,fp16,125.0,8192,1.40785051882267,124.51481327934493,175.29824447643364,178.8219999074936,5818.799574581716,0.021398711483939653,170.512,97.5,42.457142857142856,818.9428571428572,877.0,70
2026-10-01T10:41:44+00:00,Tesla V100-DGXS-32GB,1,125,False,,resnet18,16,fp16,125.0,8192,1.9512716233730316,125.2389641685449,244.37523692271353,246.00800001621246,4198.287876415197,0.02983096153841718,132.695,77.23711340206185,26.95876288659794,1231.319587628866,877.0,97
2026-10-01T10:41:49+00:00,Tesla V100-DGXS-32GB,1,125,False,,distilbert,32,fp16,125.0,4096,1.6930947452783585,125.79612111556594,212.98475163716463,217.35899996757507,2419.238504769315,0.05199823038016715,191.291,93.89285714285714,29.44047619047619,823.8214285714286,877.0,84
2026-10-01T10:41:52+00:00,Tesla V100-DGXS-32GB,1,125,False,,distilbert,16,fp16,125.0,4096,1.7004120573401451,126.31430953938337,214.7863749553628,218.0220000743866,2408.8278969317194,0.05243807982308662,154.244,93.74647887323944,25.95774647887324,921.4366197183099,877.0,71
2026-10-01T10:41:56+00:00,Tesla V100-DGXS-32GB,1,125,False,,resnet18,256,fp32,125.0,8192,2.860403671860695,124.30374461665701,355.5588875275198,361.57799994945526,2863.931437576116,0.043403184512636694,161.021,98.75352112676056,52.30281690140845,798.5,877.0,142
2026-10-01T10:42:02+00:00,Tesla V100-DGXS-32GB,1,125,False,,distilbert,128,fp16,125.0,4096,1.6977422125637531,124.31621009553294,211.05687758513048,214.63499999046326,2412.6159847404915,0.051527558004182246,155.622,98.47619047619048,30.297619047619047,716.5357142857143,877.0,84
2026-10-01T10:42:06+00:00,Tesla V100-DGXS-32GB,1,125,False,,resnet18,16,fp32,125.0,8192,3.246927846223116,125.10461870654605,406.2056701694097,410.34500002861023,2523.0003215282654,0.04958565309685177,168.438,96.88311688311688,41.1948051948052,917.4285714285714,877.0,154
2026-10-01T10:42:11+00:00,Tesla V100-DGXS-32GB,1,125,False,,distilbert,256,fp16,125.0,4096,1.653375156223774,124.68607410379687,206.1528572502942,206.39999997615814,2477.3566873685577,0.05033028741462261,188.511,98.29268292682927,30.353658536585368,710.0487804878048,877.0,82
2026-10-01T10:42:15+00:00,Tesla V100-DGXS-32GB,2,125,False,,distilbert,32,fp32,125.0,4096,6.649257950484753,125.04117076015972,831.4309988149136,833.3960000276566,616.0085878005964,0.20298608369504725,186.307,99.53333333333333,18.33939393939394,856.0484848484848,877.0,330
2026-10-01T10:42:24+00:00,Tesla V100-DGXS-32GB,2,125,False,,distilbert,8,fp32,125.0,4096,8.148574274033308,124.85074518239546,1017.3555702871556,1021.3969999551773,502.6646211046437,0.2483778247771376,188.388,98.46551724137932,20.233990147783253,794.2610837438424,877.0,406
2026-10-01T10:42:34+00:00,Tesla V100-DGXS-32GB,2,125,False,,resnet18,32,fp16,125.0,8192,1.5194469019770622,125.65846316970152,190.93136257040175,191.81700003147125,5391.435521268165,0.023307051095019744,156.465,93.28,36.93333333333333,1045.6,877.0,75
2026-10-01T10:42:38+00:00,Tesla V100-DGXS-32GB,2,125,False,,distilbert,256,fp16,125.0,4096,1.6466755457222462,124.0354822995085,204.24619550446516,207.33599996566772,2487.4359801119526,0.049864793824332315,149.461,98.55555555555556,30.679012345679013,725.8888888888889,877.0,81
2026-10-01T10:42:42+00:00,Tesla V100-DGXS-32GB,2,125,False,,resnet18,128,fp32,125.0,8192,2.8869203329086304,124.91441365154931,360.6179606440171,360.00300002098083,2837.6259319031487,0.04402074714892787,133.654,98.37588652482269,54.6241134751773,831.4042553191489,877.0,141
2026-10-01T10:42:47+00:00,Tesla V100-DGXS-32GB,2,125,False,,resnet18,32,fp32,125.0,8192,3.090245623141527,125.59756704344701,388.12733183323667,389.77300000190735,2650.921965119412,0.0473788246866744,175.628,96.52027027027027,43.37162162162162,881.1351351351351,877.0,148
2026-10-01T10:42:52+00:00,Tesla V100-DGXS-32GB,2,125,False,,resnet18,64,fp32,125.0,8192,2.954476721584797,125.3341563689581,370.29684741155563,373.402999997139,2772.741426646194,0.04520225188129341,170.1,97.42465753424658,54.07534246575342,844.6575342465753,877.0,146
2026-10-01T10:42:57+00:00,Tesla V100-DGXS-32GB,2,125,False,,resnet18,16,fp32,125.0,8192,3.249419990926981,125.56446373715504,408.01167861753754,408.52999997138977,2521.0653048463028,0.049806113112492376,163.062,97.7,42.4,928.4875,877.0,160
2026-10-01T10:43:03+00:00,Tesla V100-DGXS-32GB,2,125,False,,distilbert,64,fp32,125.0,4096,6.802650135010481,125.06536047252756,850.7758913035741,852.5440000295639,602.118280186063,0.20770895783778665,179.701,99.5266272189349,17.532544378698226,805.0621301775147,877.0,338
2026-10-01T10:43:12+00:00,Tesla V100-DGXS-32GB,2,125,False,,distilbert,16,fp32,125.0,4096,7.155632581561804,125.05024046701807,894.8135750179329,897.7920000553131,572.4161984720013,0.21846034546336252,185.257,99.46067415730337,21.828651685393258,831.6544943820224,877.0,356
2026-10-01T10:43:22+00:00,Tesla V100-DGXS-32GB,2,125,False,,resnet18,128,fp16,125.0,8192,1.3978168666362762,126.03867715141429,176.17898877077116,178.03799998760223,5860.567428774364,0.021506224215182026,160.762,94.71641791044776,42.28358208955224,872.5522388059702,877.0,67
2026-10-01T10:43:25+00:00,Tesla V100-DGXS-32GB,2,125,False,,resnet18,16,fp16,125.0,8192,1.9643248803913593,125.18273540660147,245.8995617546356,247.05600011348724,4170.389573423251,0.030017036347001418,131.445,76.78571428571429,26.989795918367346,1237.642857142857,877.0,98
2026-10-01T10:43:29+00:00,Tesla V100-DGXS-32GB,2,125,False,,resnet18,8,fp16,125.0,8192,3.8981069400906563,120.9720868288797,471.56213122490544,472.1320000886917,2101.5329045358317,0.057563736721790215,125.777,43.97422680412371,12.623711340206185,1513.479381443299,877.0,194
2026-10-01T10:43:35+00:00,Tesla V100-DGXS-32GB,2,125,False,,distilbert,8,fp16,125.0,4096,3.2546983510255814,124.5735046954127,405.4491803136372,405.59300005435944,1258.4883630488575,0.09898661628750909,132.157,45.0679012345679,12.5,1407.4876543209878,877.0,162
2026-10-01T10:43:40+00:00,Tesla V100-DGXS-32GB,2,125,False,,resnet18,256,fp16,125.0,8192,1.4033263623714447,123.64875634867228,173.51955945853535,173.10399997234344,5837.558688882999,0.02118158684796574,131.047,98.77142857142857,43.628571428571426,822.8,877.0,70
2026-10-01T10:43:44+00:00,Tesla V100-DGXS-32GB,2,125,False,,distilbert,32,fp16,125.0,4096,1.7077534012496471,125.75979147712503,214.76671163550665,217.4800000190735,2398.47275198091,0.052433279207887366,172.898,93.52380952380952,29.071428571428573,818.2738095238095,877.0,84
2026-10-01T10:43:48+00:00,Tesla V100-DGXS-32GB,2,125,False,,resnet18,64,fp16,125.0,8192,1.4417109824717045,126.36800078244886,182.18613456104947,184.31500005722046,5682.137473875267,0.02223951837903436,169.451,92.83076923076923,39.6,940.7846153846153,877.0,65
2026-10-01T10:43:51+00:00,Tesla V100-DGXS-32GB,2,125,False,,resnet18,256,fp32,125.0,8192,2.8523444421589375,124.28267360239803,354.4969933064533,360.6980000734329,2872.023406051017,0.04327355875322916,179.039,98.97872340425532,52.170212765957444,797.4042553191489,877.0,141
2026-10-01T10:43:57+00:00,Tesla V100-DGXS-32GB,2,125,False,,distilbert,16,fp16,125.0,4096,1.7026436626911163,126.05395539067813,214.6249683030868,217.1230000257492,2405.6707165174303,0.0523986739021208,152.93,93.47619047619048,26.535714285714285,943.9285714285714,877.0,84
2026-10-01T10:44:01+00:00,Tesla V100-DGXS-32GB,2,125,False,,distilbert,64,fp16,125.0,4096,1.7094853818416595,124.94455448841036,213.59088943865623,215.47200000286102,2396.0427175968625,0.05214621324185943,177.939,94.6987951807229,29.156626506024097,744.9277108433735,877.0,83
2026-10-01T10:44:04+00:00,Tesla V100-DGXS-32GB,2,125,False,,resnet18,8,fp32,125.0,8192,4.004439108073711,125.4722175669237,502.44585500172263,502.34499990940094,2045.729696197245,0.06133372253438997,165.897,96.60606060606061,32.38383838383838,1056.6464646464647,877.0,198
2026-10-01T10:44:11+00:00,Tesla V100-DGXS-32GB,2,125,False,,distilbert,128,fp32,125.0,4096,6.369071278721094,124.41152105165995,792.3858454721321,796.7319999933243,643.1078913631619,0.19345357555471976,185.768,99.63809523809523,18.644444444444446,831.431746031746,877.0,315
2026-10-01T10:44:20+00:00,Tesla V100-DGXS-32GB,2,125,False,,distilbert,128,fp16,125.0,4096,1.7146091721951962,123.30108224848284,211.41316656484295,213.51199996471405,2388.8825899350195,0.05161454261836986,136.899,99.83333333333333,30.726190476190474,709.7142857142857,877.0,84
2026-10-01T10:44:24+00:00,Tesla V100-DGXS-32GB,2,125,False,,distilbert,256,fp32,125.0,4096,6.3648061119019985,124.97974337607194,795.471834503966,795.7799999713898,643.5388491003051,0.19420699084569482,153.395,99.55974842767296,19.166666666666668,821.8962264150944,877.0,318
2026-10-01T10:44:35+00:00,Tesla V100-DGXS-32GB,0,150,False,,distilbert,16,fp32,150.0,4096,5.805850885808468,149.98481732049729,870.7894844980304,873.2480000257492,705.495211737535,0.21259508898877696,200.517,99.06920415224913,27.162629757785467,1044.1384083044982,877.0,289
2026-10-01T10:44:43+00:00,Tesla V100-DGXS-32GB,0,150,False,,resnet18,8,fp32,150.0,8192,3.6018171347677708,150.3418104096316,541.5037088054187,542.261999964714,2274.407526391032,0.06610152695378646,176.543,95.88826815642459,35.75977653631285,1207.6033519553073,877.0,179
2026-10-01T10:44:49+00:00,Tesla V100-DGXS-32GB,0,150,False,,distilbert,32,fp16,150.0,4096,1.3841165266931057,150.81994010248184,208.75237165070942,211.48199999332428,2959.2884132277895,0.05096493448503648,194.388,93.9047619047619,37.285714285714285,1054.3809523809523,877.0,63
2026-10-01T10:44:52+00:00,Tesla V100-DGXS-32GB,0,150,False,,resnet18,64,fp16,150.0,8192,1.2568005584180355,150.12330398140156,188.67505227538598,191.57300007343292,6518.138415144774,0.023031622592210203,177.83,90.85483870967742,45.5,1127.5806451612902,877.0,62
2026-10-01T10:44:56+00:00,Tesla V100-DGXS-32GB,0,150,False,,resnet18,64,fp32,150.0,8192,2.4663515873253345,149.99743535198078,369.9464127750871,370.6399999856949,3321.505353129282,0.04515947421570887,175.325,97.8048780487805,66.0650406504065,1077.60162601626,877.0,123
2026-10-01T10:45:00+00:00,Tesla V100-DGXS-32GB,0,150,False,,resnet18,256,fp16,150.0,8192,1.1383481808006763,151.45817222116517,172.4121348153589,175.8270000219345,7196.39222705835,0.021046403175702992,189.415,95.28888888888889,52.55555555555556,1064.1777777777777,877.0,45
2026-10-01T10:45:04+00:00,Tesla V100-DGXS-32GB,0,150,False,,distilbert,256,fp32,150.0,4096,5.129649505019188,149.89286779672966,768.897875099401,771.7519999742508,798.4951010770235,0.18771920778793968,212.631,99.70526315789473,23.92105263157895,1034.2736842105264,877.0,190
2026-10-01T10:45:13+00:00,Tesla V100-DGXS-32GB,0,150,False,,distilbert,128,fp16,150.0,4096,1.3179327473044395,149.91253928983457,197.57464476163642,199.8619999885559,3107.897583072828,0.04823599725625889,213.4,97.40322580645162,37.75806451612903,880.6935483870968,877.0,62
2026-10-01T10:45:16+00:00,Tesla V100-DGXS-32GB,0,150,False,,resnet18,256,fp32,150.0,8192,2.307140029966831,149.8283086898335,345.6748886005421,347.6870000362396,3550.71642535619,0.04219664167487086,160.775,99.72173913043478,66.40869565217392,1033.2521739130434,877.0,115
2026-10-01T10:45:21+00:00,Tesla V100-DGXS-32GB,0,150,False,,resnet18,32,fp32,150.0,8192,2.619563978165388,150.25254798006563,393.59616231614655,394.09300005435944,3127.237993911211,0.04804640653273273,174.493,95.32307692307693,51.50769230769231,1091.946153846154,877.0,130
2026-10-01T10:45:25+00:00,Tesla V100-DGXS-32GB,0,150,False,,resnet18,16,fp32,150.0,8192,2.82399907335639,150.34916787408946,424.58591075633296,426.5329999923706,2900.850810217729,0.051829334809122676,173.903,95.29285714285714,48.65,1136.0357142857142,877.0,140
2026-10-01T10:45:30+00:00,Tesla V100-DGXS-32GB,0,150,False,,distilbert,128,fp32,150.0,4096,5.165077719837427,149.33789573452003,771.3418379857742,773.0180000066757,793.0180768178109,0.18831587841449565,186.348,99.86381322957199,23.357976653696497,1042.8560311284048,877.0,257
2026-10-01T10:45:38+00:00,Tesla V100-DGXS-32GB,0,150,False,,resnet18,16,fp16,150.0,8192,1.9284522272646427,148.03306856172503,285.4747007766782,284.72699999809265,4247.966262363525,0.0348479859346531,155.834,71.02083333333333,27.458333333333332,1402.59375,877.0,96
2026-10-01T10:45:42+00:00,Tesla V100-DGXS-32GB,0,150,False,,distilbert,64,fp16,150.0,4096,1.3469913192093372,150.63791602263635,202.90796522627627,207.7039999961853,3040.8510742328226,0.049538077447821356,208.26,92.52542372881356,35.101694915254235,919.6101694915254,877.0,59
2026-10-01T10:45:46+00:00,Tesla V100-DGXS-32GB,0,150,False,,resnet18,32,fp16,150.0,8192,1.3659723028540611,150.55188948024468,205.64971117235993,206.63900005817413,5997.193341976,0.025103724508344718,164.655,90.68656716417911,39.850746268656714,1204.9850746268658,877.0,67
2026-10-01T10:45:49+00:00,Tesla V100-DGXS-32GB,0,150,False,,distilbert,64,fp32,150.0,4096,5.440589874982834,150.0286709220244,816.2444679754974,819.8370000123978,752.8595417262404,0.19927843456433042,204.648,99.3811320754717,21.947169811320755,1018.8452830188679,877.0,265
2026-10-01T10:45:57+00:00,Tesla V100-DGXS-32GB,0,150,False,,resnet18,128,fp16,150.0,8192,1.1882891319692135,150.10019536707935,178.36243086115607,181.69599997997284,6893.945067413308,0.021772757673480966,180.604,90.47916666666667,48.8125,1097.5,877.0,48
2026-10-01T10:46:01+00:00,Tesla V100-DGXS-32GB,0,150,False,,distilbert,256,fp16,150.0,4096,1.2827166356146336,150.03513653189555,192.45256555617527,196.5110000371933,3193.2227947112715,0.046985489637738104,196.716,97.82758620689656,37.41379310344828,881.5,877.0,58
2026-10-01T10:46:04+00:00,Tesla V100-DGXS-32GB,0,150,False,,distilbert,16,fp16,150.0,4096,1.599930714815855,150.52540984343847,240.83022656876204,242.8880000114441,2560.1108610952765,0.05879644203338917,166.114,82.24050632911393,28.481012658227847,1202.6835443037974,877.0,79
2026-10-01T10:46:08+00:00,Tesla V100-DGXS-32GB,0,150,False,,distilbert,32,fp32,150.0,4096,5.496753770858049,149.93794633015654,824.1719718849997,824.0750000476837,745.167087839303,0.20121386032348626,181.458,99.74452554744525,22.631386861313867,1062.2481751824816,877.0,274
2026-10-01T10:46:16+00:00,Tesla V100-DGXS-32GB,0,150,False,,resnet18,128,fp32,150.0,8192,2.36476294323802,150.2318598081573,355.2627349680597,358.07299995422363,3464.195015159899,0.043367033077155726,186.741,97.10309278350516,65.69072164948453,1061.5876288659795,877.0,97
2026-10-01T10:46:20+00:00,Tesla V100-DGXS-32GB,0,150,False,,resnet18,8,fp16,150.0,8192,3.865468043833971,121.7285836017449,470.53794993371685,470.1080000400543,2119.2776416991796,0.05743871459151817,126.836,44.626943005181346,12.694300518134716,1510.9430051813472,877.0,193
2026-10-01T10:46:26+00:00,Tesla V100-DGXS-32GB,0,150,False,,distilbert,8,fp16,150.0,4096,3.206205490976572,146.01874936100586,468.1661159867888,467.1210000514984,1277.5226078077756,0.1142983681608371,148.403,42.95625,12.5625,1530.0,877.0,160
2026-10-01T10:46:31+00:00,Tesla V100-DGXS-32GB,0,150,False,,distilbert,8,fp32,150.0,4096,6.499194502830505,149.8804497383675,974.1021950213619,979.2630000114441,630.2319461613474,0.2378179187063872,205.714,98.91975308641975,25.462962962962962,1012.7993827160494,877.0,324
2026-10-01T10:46:40+00:00,Tesla V100-DGXS-32GB,1,150,False,,distilbert,32,fp32,150.0,4096,5.488232314586639,150.0888413752384,823.7224292944516,826.0809999704361,746.3240922060896,0.2011041087144657,194.727,99.5350553505535,22.623616236162363,1065.6678966789668,877.0,271
2026-10-01T10:46:48+00:00,Tesla V100-DGXS-32GB,1,150,False,,resnet18,8,fp16,150.0,8192,3.862827192991972,121.37840200663435,468.86379191313847,468.9649999141693,2120.7265017865957,0.057234349598771786,126.567,44.760416666666664,12.609375,1511.3541666666667,877.0,192
2026-10-01T10:46:54+00:00,Tesla V100-DGXS-32GB,1,150,False,,distilbert,256,fp32,150.0,4096,5.142784371972084,150.02652996985705,771.5540937101823,771.470999956131,796.4557142086287,0.18836769865971248,166.856,99.9758064516129,23.97983870967742,1032.5564516129032,877.0,248
2026-10-01T10:47:03+00:00,Tesla V100-DGXS-32GB,1,150,False,,distilbert,16,fp32,150.0,4096,5.805833991616964,150.0978126217614,871.4429825867761,872.3509999513626,705.4972646331619,0.21275463442059964,207.864,99.42906574394463,27.249134948096884,1044.3910034602077,877.0,289
2026-10-01T10:47:11+00:00,Tesla V100-DGXS-32GB,1,150,False,,resnet18,64,fp32,150.0,8192,2.460198275744915,149.99980264617514,369.02925583219763,370.34800004959106,3329.8129182370767,0.04504751658107881,180.611,97.04918032786885,65.29508196721312,1075.9590163934427,877.0,122
2026-10-01T10:47:15+00:00,Tesla V100-DGXS-32GB,1,150,False,,distilbert,8,fp32,150.0,4096,6.486057639122009,150.19454177753678,974.1704550506223,978.3650000095367,631.5084181944547,0.23783458375259334,205.262,98.49056603773585,25.27358490566038,1005.2201257861635,877.0,318
2026-10-01T10:47:24+00:00,Tesla V100-DGXS-32GB,1,150,False,,resnet18,8,fp32,150.0,8192,3.6034767776727676,150.4983147441958,542.3171822595966,543.7570000886917,2273.3600090772993,0.06620082791254842,171.565,96.00558659217877,35.83798882681564,1207.608938547486,877.0,179
2026-10-01T10:47:29+00:00,Tesla V100-DGXS-32GB,1,150,False,,resnet18,32,fp32,150.0,8192,2.617819670587778,149.8239334939626,392.2120402253304,393.1990000009537,3129.3217374902883,0.04787744631656865,165.52,97.44615384615385,52.61538461538461,1092.0384615384614,877.0,130
2026-10-01T10:47:34+00:00,Tesla V100-DGXS-32GB,1,150,False,,distilbert,64,fp16,150.0,4096,1.3353377133607864,148.74949770612278,198.63081413045956,202.36299991607666,3067.3888403040464,0.04849385110606923,159.166,97.41666666666667,38.35,945.65,877.0,60
2026-10-01T10:47:38+00:00,Tesla V100-DGXS-32GB,1,150,False,,resnet18,64,fp16,150.0,8192,1.252246543765068,150.13501570990894,188.00605452084767,191.39100003242493,6541.842771128373,0.022949957827251913,174.701,89.48214285714286,44.767857142857146,1131.6964285714287,877.0,56
2026-10-01T10:47:41+00:00,Tesla V100-DGXS-32GB,1,150,False,,resnet18,128,fp32,150.0,8192,2.3758511170744896,149.75366169121304,355.7924044150637,358.5329999923706,3448.0275052282063,0.043431689992073204,179.421,97.6842105263158,65.7280701754386,1056.5350877192982,877.0,114
2026-10-01T10:47:46+00:00,Tesla V100-DGXS-32GB,1,150,False,,distilbert,64,fp32,150.0,4096,5.449202079325914,149.84797501377872,816.5518970278606,817.1589999198914,751.669683078938,0.19935349048531753,170.408,99.85074626865672,21.902985074626866,1018.6902985074627,877.0,268
2026-10-01T10:47:53+00:00,Tesla V100-DGXS-32GB,1,150,False,,distilbert,128,fp32,150.0,4096,5.162701599299908,149.2726654640013,770.6502287227596,775.9990000724792,793.3830614102201,0.18814702849676748,196.206,99.59336099585062,23.24896265560166,1040.0290456431535,877.0,241
2026-10-01T10:48:01+00:00,Tesla V100-DGXS-32GB,1,150,False,,resnet18,128,fp16,150.0,8192,1.1901030205190182,149.65301096984922,178.1025003849833,180.70099997520447,6883.4377014078755,0.021741027879026282,186.125,92.68085106382979,49.93617021276596,1095.4893617021276,877.0,47
2026-10-01T10:48:05+00:00,Tesla V100-DGXS-32GB,1,150,False,,resnet18,32,fp16,150.0,8192,1.368389893323183,150.53009285322173,205.98385770134894,208.02799999713898,5986.597854874125,0.025144513879559197,168.104,90.94117647058823,39.94117647058823,1204.3088235294117,877.0,68
2026-10-01T10:48:08+00:00,Tesla V100-DGXS-32GB,1,150,False,,distilbert,8,fp16,150.0,4096,3.206262696534395,143.85740067778977,461.2446174135992,460.664999961853,1277.4998144809872,0.11260854917324199,148.47,43.075,12.56875,1521.63125,877.0,160
2026-10-01T10:48:13+00:00,Tesla V100-DGXS-32GB,1,150,False,,resnet18,256,fp16,150.0,8192,1.147507831454277,149.05882994979046,171.0461747147959,174.46799993515015,7138.94909947411,0.020879659999364735,186.41,95.04545454545455,48.65909090909091,994.6363636363636,877.0,44
2026-10-01T10:48:17+00:00,Tesla V100-DGXS-32GB,1,150,False,,resnet18,16,fp16,150.0,8192,1.9342477209866047,149.34101053575304,288.86250927861687,289.4869999885559,4235.238284691629,0.03526153677717491,154.851,70.67708333333333,27.447916666666668,1414.7083333333333,877.0,96
2026-10-01T10:48:21+00:00,Tesla V100-DGXS-32GB,1,150,False,,distilbert,32,fp16,150.0,4096,1.389963060617447,150.30891864936044,208.92384460396386,214.1210000514984,2946.8409025060582,0.051006797999014614,193.179,93.78333333333333,36.6,1041.5166666666667,877.0,60
2026-10-01T10:48:24+00:00,Tesla V100-DGXS-32GB,1,150,False,,distilbert,16,fp16,150.0,4096,1.614878199994564,149.89979184110982,242.06990602793127,243.61899995803833,2536.4142014015592,0.05909909815135041,164.376,82.075,28.5,1201.4375,877.0,80
2026-10-01T10:48:28+00:00,Tesla V100-DGXS-32GB,1,150,False,,resnet18,256,fp32,150.0,8192,2.3041560612618923,149.56709662229522,344.6259322476046,347.94200003147125,3555.3147365867117,0.042068595245068924,185.168,99.00934579439253,64.72897196261682,1025.6915887850466,877.0,107
2026-10-01T10:48:33+00:00,Tesla V100-DGXS-32GB,1,150,False,,distilbert,128,fp16,150.0,4096,1.3368770480155945,148.24239976817688,198.18186179282796,200.27100002765656,3063.8569239257527,0.04838424360176464,158.571,99.84848484848484,38.86363636363637,882.7121212121212,877.0,66
2026-10-01T10:48:36+00:00,Tesla V100-DGXS-32GB,1,150,False,,resnet18,16,fp32,150.0,8192,2.8295787572860718,151.0154021040406,427.3099738166076,428.2279999256134,2895.1305839803435,0.05216186203816011,197.299,96.85714285714286,49.07142857142857,1135.2428571428572,877.0,140
2026-10-01T10:48:41+00:00,Tesla V100-DGXS-32GB,1,150,False,,distilbert,256,fp16,150.0,4096,1.291932862251997,150.0687170368333,193.8787071358811,197.0239999294281,3170.443387329099,0.04733366873434597,216.601,97.06666666666666,37.38333333333333,893.2,877.0,60
2026-10-01T10:48:45+00:00,Tesla V100-DGXS-32GB,2,150,False,,distilbert,32,fp32,150.0,4096,5.494910448789597,149.99932454710114,824.2328557652479,825.0579999685287,745.4170615104847,0.20122872455206248,192.603,99.63970588235294,22.602941176470587,1062.6213235294117,877.0,272
2026-10-01T10:48:53+00:00,Tesla V100-DGXS-32GB,2,150,False,,distilbert,8,fp32,150.0,4096,6.496958535164595,150.04646128278904,974.8456373024601,976.8510000705719,630.4488443062276,0.23799942316954592,203.317,99.14197530864197,25.62962962962963,1012.7314814814815,877.0,324
2026-10-01T10:49:01+00:00,Tesla V100-DGXS-32GB,2,150,False,,resnet18,32,fp16,150.0,8192,1.3690780736505985,150.10423598728013,205.50441825226034,207.1269999742508,5983.588633595103,0.025085988556184123,161.212,90.41176470588235,39.955882352941174,1204.4411764705883,877.0,68
2026-10-01T10:49:05+00:00,Tesla V100-DGXS-32GB,2,150,False,,distilbert,256,fp16,150.0,4096,1.3046532347798347,147.3550470009048,192.24723873086504,199.125,3139.5315558246525,0.0469353610182776,218.044,97.609375,36.1875,854.015625,877.0,64
2026-10-01T10:49:09+00:00,Tesla V100-DGXS-32GB,2,150,False,,resnet18,128,fp32,150.0,8192,2.3687840215861797,150.1841877186943,355.75390416294243,359.8109999895096,3458.3144454488897,0.043426990254265434,185.514,97.1896551724138,66.49137931034483,1075.344827586207,877.0,116
2026-10-01T10:49:13+00:00,Tesla V100-DGXS-32GB,2,150,False,,resnet18,32,fp32,150.0,8192,2.611248880624771,150.58356559050637,393.2111670886966,394.4450000524521,3137.1961748969597,0.04799941004500691,184.515,96.7,52.246153846153845,1094.8692307692309,877.0,130
2026-10-01T10:49:18+00:00,Tesla V100-DGXS-32GB,2,150,False,,resnet18,64,fp32,150.0,8192,2.453619372099638,150.19737077830587,368.52717858008333,370.8550000190735,3338.7411646452124,0.04498622785401408,178.981,97.57264957264957,66.17094017094017,1082.4273504273503,877.0,117
2026-10-01T10:49:23+00:00,Tesla V100-DGXS-32GB,2,150,False,,resnet18,16,fp32,150.0,8192,2.825960647314787,150.78916834354777,426.12425578019065,425.28399991989136,2898.837253018366,0.052017121066917804,194.054,96.08510638297872,49.06382978723404,1136.5886524822695,877.0,141
2026-10-01T10:49:27+00:00,Tesla V100-DGXS-32GB,2,150,False,,distilbert,64,fp32,150.0,4096,5.452651746571064,149.76906237031082,816.6385395157859,817.5069999694824,751.1941327585787,0.19937464343647116,170.691,99.82022471910112,21.797752808988765,1013.2397003745318,877.0,267
2026-10-01T10:49:35+00:00,Tesla V100-DGXS-32GB,2,150,False,,distilbert,16,fp32,150.0,4096,5.816017147153616,149.56501483820733,869.8726909132988,875.5659999847412,704.2620226806931,0.2123712624300046,181.326,99.26501766784452,26.939929328621908,1036.0282685512368,877.0,283
2026-10-01T10:49:43+00:00,Tesla V100-DGXS-32GB,2,150,False,,resnet18,128,fp16,150.0,8192,1.1887990199029446,150.77619423957134,179.2425919366984,182.29900002479553,6890.9881845871705,0.021880199211022754,184.051,94.84615384615384,51.17948717948718,1092.7692307692307,877.0,39
2026-10-01T10:49:47+00:00,Tesla V100-DGXS-32GB,2,150,False,,resnet18,16,fp16,150.0,8192,1.926914356648922,147.93898576614575,285.0657555808668,284.567999958992,4251.356564827628,0.03479806586680503,154.844,71.40625,27.489583333333332,1399.4583333333333,877.0,96
2026-10-01T10:49:51+00:00,Tesla V100-DGXS-32GB,2,150,False,,resnet18,8,fp16,150.0,8192,3.8472764007747173,124.10106695865817,477.45110622100856,477.11300003528595,2129.29853398378,0.05828260573986921,126.908,44.46875,12.598958333333334,1528.59375,877.0,192
2026-10-01T10:49:56+00:00,Tesla V100-DGXS-32GB,2,150,False,,distilbert,8,fp16,150.0,4096,3.207700204104185,146.1351350873566,468.7577026465064,467.9830000400543,1276.9273122093061,0.11444279849768223,148.721,42.75,12.5375,1530.0,877.0,160
2026-10-01T10:50:02+00:00,Tesla V100-DGXS-32GB,2,150,False,,resnet18,256,fp16,150.0,8192,1.1453869864344597,151.283089264203,173.27768171082084,176.67400002479553,7152.167867299892,0.021152060755715435,193.341,97.525,49.35,977.025,877.0,40
2026-10-01T10:50:05+00:00,Tesla V100-DGXS-32GB,2,150,False,,distilbert,32,fp16,150.0,4096,1.3916539661586285,150.9078542766293,210.0115139285595,210.55599999427795,2943.2603934627205,0.051272342267714724,165.935,92.83823529411765,36.26470588235294,1038.6323529411766,877.0,68
2026-10-01T10:50:09+00:00,Tesla V100-DGXS-32GB,2,150,False,,resnet18,64,fp16,150.0,8192,1.2537012286484241,150.66567980514338,188.88974788685832,190.72699999809265,6534.252190876081,0.02305783055259501,180.206,92.72131147540983,46.40983606557377,1131.622950819672,877.0,61
2026-10-01T10:50:12+00:00,Tesla V100-DGXS-32GB,2,150,False,,resnet18,256,fp32,150.0,8192,2.3005206286907196,149.48142266274624,343.88509644168414,348.7940000295639,3560.93307655418,0.04197816118672902,184.018,98.26732673267327,64.20792079207921,1020.980198019802,877.0,101
2026-10-01T10:50:17+00:00,Tesla V100-DGXS-32GB,2,150,False,,distilbert,16,fp16,150.0,4096,1.6058426350355148,150.8864220428739,242.2998495644094,244.81499993801117,2550.6857961268497,0.05915523671006089,178.759,81.9125,28.475,1202.3375,877.0,80
2026-10-01T10:50:20+00:00,Tesla V100-DGXS-32GB,2,150,False,,distilbert,64,fp16,150.0,4096,1.3375805653631687,150.9787990327952,201.94630736813843,204.46299993991852,3062.2454497818517,0.04930329769729942,186.083,95.69090909090909,35.67272727272727,887.1272727272727,877.0,55
2026-10-01T10:50:24+00:00,Tesla V100-DGXS-32GB,2,150,False,,resnet18,8,fp32,150.0,8192,3.6025442965328693,150.41379282330695,541.8723514554811,541.027999997139,2273.9484446822976,0.0661465272772804,162.311,96.16201117318435,35.58659217877095,1205.6312849162011,877.0,179
2026-10-01T10:50:30+00:00,Tesla V100-DGXS-32GB,2,150,False,,distilbert,128,fp32,150.0,4096,5.169393189251423,149.30097044371328,771.7954197603594,774.097000002861,792.3560561260266,0.1884266161524315,161.872,99.91828793774319,23.424124513618676,1041.6186770428017,877.0,257
2026-10-01T10:50:38+00:00,Tesla V100-DGXS-32GB,2,150,False,,distilbert,128,fp16,150.0,4096,1.3181797936558723,151.14916528280875,199.24177550375018,203.15100002288818,3107.3151171890236,0.04864301159759526,213.525,95.81967213114754,36.950819672131146,882.8032786885246,877.0,61
2026-10-01T10:50:41+00:00,Tesla V100-DGXS-32GB,2,150,False,,distilbert,256,fp32,150.0,4096,5.136954050511122,150.57948364285744,773.5198884230497,774.2989999055862,797.3596726239847,0.1888476290095336,206.15,99.3119658119658,23.77777777777778,1032.7008547008547,877.0,234
2026-10-01T10:50:51+00:00,Tesla V100-DGXS-32GB,0,175,False,,distilbert,16,fp32,175.0,4096,5.304777432233095,174.56774029847514,926.0430091312788,930.9069999456406,772.1341851425708,0.22608471902619112,205.642,99.11698113207547,29.61132075471698,1148.7584905660378,877.0,265
2026-10-01T10:50:58+00:00,Tesla V100-DGXS-32GB,0,175,False,,resnet18,8,fp32,175.0,8192,3.3625976331532,174.79242632677975,587.7565990595347,588.0409998893738,2436.2117903229882,0.0717476317211346,192.497,95.62874251497006,38.09580838323353,1316.4730538922156,877.0,167
2026-10-01T10:51:04+00:00,Tesla V100-DGXS-32GB,0,175,False,,distilbert,32,fp16,175.0,4096,1.2781317420303822,175.29181036585516,224.04602694656984,224.72000002861023,3204.677472052513,0.0546987370475024,199.218,91.4920634920635,39.285714285714285,1169.0,877.0,63
2026-10-01T10:51:07+00:00,Tesla V100-DGXS-32GB,0,175,False,,resnet18,64,fp16,175.0,8192,1.1656151488423347,174.67725429199635,203.6064537609357,204.16299998760223,7028.048672957046,0.02485430343761422,185.031,90.62068965517241,48.43103448275862,1251.1206896551723,877.0,58
2026-10-01T10:51:10+00:00,Tesla V100-DGXS-32GB,0,175,False,,resnet18,64,fp32,175.0,8192,2.2845832742750645,175.1516789522825,400.14859619558047,399.46999990940094,3585.774303893324,0.04884626418403082,186.63,96.07964601769912,69.86725663716814,1218.8407079646017,877.0,113
2026-10-01T10:51:15+00:00,Tesla V100-DGXS-32GB,0,175,False,,resnet18,256,fp16,175.0,8192,1.0573437921702862,174.860924931343,184.88811346930993,186.24100005626678,7747.716552234385,0.022569349788734122,186.793,96.76923076923077,57.38461538461539,1186.423076923077,877.0,52
2026-10-01T10:51:18+00:00,Tesla V100-DGXS-32GB,0,175,False,,distilbert,256,fp32,175.0,4096,4.690342631191015,174.77485444865798,819.7539506807452,820.636999964714,873.2837496266037,0.2001352418654163,211.133,99.6923076923077,26.055555555555557,1141.388888888889,877.0,234
2026-10-01T10:51:26+00:00,Tesla V100-DGXS-32GB,0,175,False,,distilbert,128,fp16,175.0,4096,1.146016638725996,174.33371714805818,199.78934054262618,204.32200002670288,3574.119137182373,0.048776694468414594,217.23,94.73170731707317,43.31707317073171,1080.780487804878,877.0,41
2026-10-01T10:51:30+00:00,Tesla V100-DGXS-32GB,0,175,False,,resnet18,256,fp32,175.0,8192,2.1297429278492928,174.5740702767682,371.7978915578125,373.18299996852875,3846.4736249987873,0.04538548480930328,196.263,99.60952380952381,72.23809523809524,1184.5809523809523,877.0,105
2026-10-01T10:51:34+00:00,Tesla V100-DGXS-32GB,0,175,False,,resnet18,32,fp32,175.0,8192,2.412826120853424,175.10820051746288,422.5056401841735,423.8790000677109,3395.1887080460087,0.05157539553029462,188.518,95.075,55.55833333333333,1222.7666666666667,877.0,120
2026-10-01T10:51:39+00:00,Tesla V100-DGXS-32GB,0,175,False,,resnet18,16,fp32,175.0,8192,2.621988534927368,176.0379144137539,461.569393305388,460.8860000371933,3124.3462322107093,0.05634392008122412,210.07,95.15384615384616,52.0,1260.2384615384615,877.0,130
2026-10-01T10:51:43+00:00,Tesla V100-DGXS-32GB,0,175,False,,distilbert,128,fp32,175.0,4096,4.721747018396854,174.0947370439496,822.0313055558535,823.5659999847412,867.4755305697613,0.20069123670797204,195.285,99.95744680851064,25.582978723404256,1151.2808510638297,877.0,235
2026-10-01T10:51:51+00:00,Tesla V100-DGXS-32GB,0,175,False,,resnet18,16,fp16,175.0,8192,1.935395285487175,170.10037642902282,329.21146660032457,329.83899998664856,4232.72706171645,0.04018694660648493,176.436,66.51041666666667,27.260416666666668,1522.8541666666667,877.0,96
2026-10-01T10:51:55+00:00,Tesla V100-DGXS-32GB,0,175,False,,distilbert,64,fp16,175.0,4096,1.1983325369656086,174.51657007471138,209.12888416016528,211.6030000448227,3418.0829391245616,0.05105685648441535,211.106,93.03389830508475,41.88135593220339,1107.949152542373,877.0,59
2026-10-01T10:51:58+00:00,Tesla V100-DGXS-32GB,0,175,False,,resnet18,32,fp16,175.0,8192,1.2848939523100853,173.07851673659803,222.3875394296547,224.56200003623962,6375.623439795764,0.027146916434284022,180.111,90.07936507936508,42.301587301587304,1317.015873015873,877.0,63
2026-10-01T10:52:01+00:00,Tesla V100-DGXS-32GB,0,175,False,,distilbert,64,fp32,175.0,4096,4.967289738357067,174.7316080722479,867.9425237439059,866.3960000276566,824.594540634699,0.21190003021091453,189.156,99.93548387096774,24.024193548387096,1127.157258064516,877.0,248
2026-10-01T10:52:09+00:00,Tesla V100-DGXS-32GB,0,175,False,,resnet18,128,fp16,175.0,8192,1.1031646877527237,174.61102449257763,192.62471631253757,195.42900002002716,7425.908471280084,0.02351375931549531,189.856,91.79629629629629,53.870370370370374,1224.611111111111,877.0,54
2026-10-01T10:52:12+00:00,Tesla V100-DGXS-32GB,0,175,False,,distilbert,256,fp16,175.0,4096,1.1195190586149693,176.01792859090892,197.05542571545124,199.70800006389618,3658.7139526391193,0.04810923479381134,225.214,96.17948717948718,44.02564102564103,1083.974358974359,877.0,39
2026-10-01T10:52:16+00:00,Tesla V100-DGXS-32GB,0,175,False,,distilbert,16,fp16,175.0,4096,1.5955484360456467,173.36603265701484,276.61390226933855,275.92400002479553,2567.1423740362206,0.06753269098372523,179.95,75.46835443037975,28.518987341772153,1345.7088607594937,877.0,79
2026-10-01T10:52:19+00:00,Tesla V100-DGXS-32GB,0,175,False,,distilbert,32,fp32,175.0,4096,5.05950241535902,174.73978410603866,884.0963597438163,886.8870000839233,809.5657761849985,0.21584383782808014,199.907,99.39682539682539,24.38888888888889,1170.4563492063492,877.0,252
2026-10-01T10:52:27+00:00,Tesla V100-DGXS-32GB,0,175,False,,resnet18,128,fp32,175.0,8192,2.1921486891806126,175.07197966314965,383.78381073082835,386.68499994277954,3736.972788584897,0.04684860970835307,193.504,97.4862385321101,71.8440366972477,1206.8073394495414,877.0,109
2026-10-01T10:52:31+00:00,Tesla V100-DGXS-32GB,0,175,False,,resnet18,8,fp16,175.0,8192,3.861937567591667,123.7504115346051,477.91636331042065,478.5699999332428,2121.2150265568876,0.05833939981816658,126.798,44.364583333333336,12.635416666666666,1526.4270833333333,877.0,192
2026-10-01T10:52:37+00:00,Tesla V100-DGXS-32GB,0,175,False,,distilbert,8,fp16,175.0,4096,3.2045938372612,146.09679717830008,468.18089588117994,468.0939999818802,1278.1650992316202,0.1143019765334912,149.129,42.9875,12.49375,1530.0,877.0,160
2026-10-01T10:52:42+00:00,Tesla V100-DGXS-32GB,0,175,False,,distilbert,8,fp32,175.0,4096,5.893260307610035,174.79532584047007,1030.1143557314049,1033.541000008583,695.0312367350867,0.2514927626297375,209.879,98.46575342465754,27.92808219178082,1123.6061643835617,877.0,292
2026-10-01T10:52:50+00:00,Tesla V100-DGXS-32GB,1,175,False,,distilbert,32,fp32,175.0,4096,5.057393528521061,174.8851560577959,884.4630564810928,884.0149999856949,809.9033577080164,0.2159333633987043,183.051,99.46031746031746,24.400793650793652,1170.3015873015872,877.0,252
2026-10-01T10:52:57+00:00,Tesla V100-DGXS-32GB,1,175,False,,resnet18,8,fp16,175.0,8192,3.858131565153599,123.04544297132989,474.72550747599485,475.27899992465973,2123.3075807962664,0.05794989104931578,127.145,44.796875,12.708333333333334,1520.7447916666667,877.0,192
2026-10-01T10:53:03+00:00,Tesla V100-DGXS-32GB,1,175,False,,distilbert,256,fp32,175.0,4096,4.697443403303623,174.72174472705404,820.7455071817997,822.2389999628067,871.9636722220773,0.20037732108930656,195.79,99.84482758620689,26.17241379310345,1140.469827586207,877.0,232
2026-10-01T10:53:11+00:00,Tesla V100-DGXS-32GB,1,175,False,,distilbert,16,fp32,175.0,4096,5.309183165431023,174.72295010665442,927.6361453206941,928.2890000343323,771.4934430346535,0.2264736682911851,206.545,99.12878787878788,29.571969696969695,1147.814393939394,877.0,264
2026-10-01T10:53:19+00:00,Tesla V100-DGXS-32GB,1,175,False,,resnet18,64,fp32,175.0,8192,2.2810285463929176,174.96959858820168,399.11064913059795,401.7369999885559,3591.3623321173864,0.048719561661449945,205.216,97.09734513274336,70.4424778761062,1218.2212389380531,877.0,113
2026-10-01T10:53:23+00:00,Tesla V100-DGXS-32GB,1,175,False,,distilbert,8,fp32,175.0,4096,5.888026747852564,174.90470380462475,1029.8435743268606,1033.1280000209808,695.6490137368792,0.2514266538883937,211.482,98.06484641638225,27.901023890784984,1125.6143344709897,877.0,293
2026-10-01T10:53:31+00:00,Tesla V100-DGXS-32GB,1,175,False,,resnet18,8,fp32,175.0,8192,3.372755005955696,174.09237980602646,587.170945489516,586.7659999132156,2428.874906577667,0.07167614080682569,181.383,95.27380952380952,38.0,1316.4166666666667,877.0,168
2026-10-01T10:53:37+00:00,Tesla V100-DGXS-32GB,1,175,False,,resnet18,32,fp32,175.0,8192,2.4152382537722588,175.61489759989757,424.1518186155706,424.13699996471405,3391.7978846208075,0.05177634504584602,196.945,95.26666666666667,55.84166666666667,1225.125,877.0,120
2026-10-01T10:53:41+00:00,Tesla V100-DGXS-32GB,1,175,False,,distilbert,64,fp16,175.0,4096,1.2008823864161968,174.06724672006723,209.03429063809125,212.4650000333786,3410.8252784219167,0.051033762362815246,203.668,94.10169491525424,42.355932203389834,1105.4915254237287,877.0,59
2026-10-01T10:53:45+00:00,Tesla V100-DGXS-32GB,1,175,False,,resnet18,64,fp16,175.0,8192,1.1651315167546272,174.69174274966753,203.5388551944293,207.1729999780655,7030.9659314839455,0.02484605165947623,184.016,90.45614035087719,48.43859649122807,1252.421052631579,877.0,57
2026-10-01T10:53:48+00:00,Tesla V100-DGXS-32GB,1,175,False,,resnet18,128,fp32,175.0,8192,2.202890384942293,175.42839780863673,386.44953077847754,386.3309999704361,3718.7506269017545,0.04717401498760712,186.564,97.45871559633028,71.56880733944953,1208.9724770642201,877.0,109
2026-10-01T10:53:52+00:00,Tesla V100-DGXS-32GB,1,175,False,,distilbert,64,fp32,175.0,4096,4.966802902519703,174.62320243827773,867.3190287177235,868.404000043869,824.6753657009549,0.21174780974553797,192.194,99.87044534412955,24.008097165991902,1128.0445344129555,877.0,247
2026-10-01T10:54:00+00:00,Tesla V100-DGXS-32GB,1,175,False,,distilbert,128,fp32,175.0,4096,4.721371188759804,174.3371861219495,823.1105676856278,826.2050000429153,867.5445831819729,0.20095472843887396,199.557,99.86382978723404,25.6,1151.931914893617,877.0,235
2026-10-01T10:54:07+00:00,Tesla V100-DGXS-32GB,1,175,False,,resnet18,128,fp16,175.0,8192,1.1049097180366516,173.80057952259895,192.03394931492144,193.79699993133545,7414.180422411904,0.02344164420348162,189.415,91.43396226415095,53.264150943396224,1216.566037735849,877.0,53
2026-10-01T10:54:10+00:00,Tesla V100-DGXS-32GB,1,175,False,,resnet18,32,fp16,175.0,8192,1.281384490430355,174.89215710155904,224.10409760784682,225.88499999046326,6393.085027311907,0.027356457227520364,193.916,89.42857142857143,41.96825396825397,1321.015873015873,877.0,63
2026-10-01T10:54:14+00:00,Tesla V100-DGXS-32GB,1,175,False,,distilbert,8,fp16,175.0,4096,3.2094436325132847,144.3856528488742,463.3976141620929,463.4359999895096,1276.2336619672803,0.11313418314504221,149.123,43.05,12.6,1525.78125,877.0,160
2026-10-01T10:54:19+00:00,Tesla V100-DGXS-32GB,1,175,False,,resnet18,256,fp16,175.0,8192,1.0565535239875317,174.09674092533118,183.942525139403,187.89199995994568,7753.511595969721,0.02245392152580603,194.807,98.15384615384616,58.11538461538461,1184.9615384615386,877.0,52
2026-10-01T10:54:22+00:00,Tesla V100-DGXS-32GB,1,175,False,,resnet18,16,fp16,175.0,8192,1.9317462481558323,166.0520759403488,320.77047469625614,320.5989999771118,4240.722614484487,0.03915655208694533,177.934,67.32291666666667,27.53125,1505.5208333333333,877.0,96
2026-10-01T10:54:26+00:00,Tesla V100-DGXS-32GB,1,175,False,,distilbert,32,fp16,175.0,4096,1.2807028144598007,176.68575271693174,226.28194077952287,224.97299993038177,3198.2439280635836,0.0552446144481257,206.062,91.41269841269842,39.06349206349206,1169.079365079365,877.0,63
2026-10-01T10:54:30+00:00,Tesla V100-DGXS-32GB,1,175,False,,distilbert,16,fp16,175.0,4096,1.5982645750045776,173.45587249177208,277.22837633011034,278.9079999923706,2562.7796949627495,0.06768270906496834,182.698,75.44303797468355,28.430379746835442,1349.113924050633,877.0,79
2026-10-01T10:54:33+00:00,Tesla V100-DGXS-32GB,1,175,False,,resnet18,256,fp32,175.0,8192,2.125129919499159,175.00640225814,371.9113415426785,373.0620000362396,3854.8231450859503,0.045399333684408995,191.952,99.44761904761904,71.8,1179.3142857142857,877.0,105
2026-10-01T10:54:38+00:00,Tesla V100-DGXS-32GB,1,175,False,,distilbert,128,fp16,175.0,4096,1.1545116268098354,174.00127652014794,200.886496822264,201.4759999513626,3547.8204852021554,0.04904455488824805,202.245,99.29824561403508,45.175438596491226,1065.2105263157894,877.0,57
2026-10-01T10:54:41+00:00,Tesla V100-DGXS-32GB,1,175,False,,resnet18,16,fp32,175.0,8192,2.628668889403343,175.65574588403595,461.74079445030463,463.15700006484985,3116.4061906098127,0.05636484307254695,194.096,95.1145038167939,51.51908396946565,1261.351145038168,877.0,131
2026-10-01T10:54:46+00:00,Tesla V100-DGXS-32GB,1,175,False,,distilbert,256,fp16,175.0,4096,1.1241950504481792,175.05707952016107,196.7983023424784,198.3730000257492,3643.4958492007777,0.04804646053283164,186.634,99.63636363636364,45.6,1081.9818181818182,877.0,55
2026-10-01T10:54:49+00:00,Tesla V100-DGXS-32GB,2,175,False,,distilbert,32,fp32,175.0,4096,5.059350918978453,174.88284200774012,884.7936674254236,885.886999964714,809.5900176908532,0.21601407896128505,198.692,99.57142857142857,24.5,1170.0357142857142,877.0,252
2026-10-01T10:54:57+00:00,Tesla V100-DGXS-32GB,2,175,False,,distilbert,8,fp32,175.0,4096,5.887064963579178,175.00553075425165,1030.2689285359331,1033.9129999876022,695.7626636261444,0.25153050013084305,222.561,98.39795918367346,27.887755102040817,1124.9727891156463,877.0,294
2026-10-01T10:55:05+00:00,Tesla V100-DGXS-32GB,2,175,False,,resnet18,32,fp16,175.0,8192,1.284423265606165,173.75351636025485,223.17305889399273,224.48400008678436,6377.9598356418,0.027242805040770597,180.593,90.34920634920636,42.58730158730159,1317.8412698412699,877.0,63
2026-10-01T10:55:08+00:00,Tesla V100-DGXS-32GB,2,175,False,,distilbert,256,fp16,175.0,4096,1.1238470897078514,176.24660255763607,198.07423135529567,201.99199998378754,3644.6239328383826,0.04835796663947648,225.947,96.86274509803921,44.23529411764706,1082.078431372549,877.0,51
2026-10-01T10:55:11+00:00,Tesla V100-DGXS-32GB,2,175,False,,resnet18,128,fp32,175.0,8192,2.2009138129651546,173.9637960965016,382.879321784644,387.8930000066757,3722.0903207306546,0.04673819846003955,198.228,97.6788990825688,71.74311926605505,1209.532110091743,877.0,109
2026-10-01T10:55:16+00:00,Tesla V100-DGXS-32GB,2,175,False,,resnet18,32,fp32,175.0,8192,2.415035516023636,175.10481511151409,422.88434752105877,424.00800001621246,3392.0826197571437,0.051621624453254245,190.342,95.15833333333333,55.53333333333333,1221.8083333333334,877.0,120
2026-10-01T10:55:20+00:00,Tesla V100-DGXS-32GB,2,175,False,,resnet18,64,fp32,175.0,8192,2.2848252840340137,175.00994702400865,399.86715191790825,400.7680000066757,3585.3944970078715,0.048811908193104034,193.015,97.09821428571429,70.22321428571429,1215.7232142857142,877.0,112
2026-10-01T10:55:25+00:00,Tesla V100-DGXS-32GB,2,175,False,,resnet18,16,fp32,175.0,8192,2.6257120594382286,175.57785854165553,461.0169005431643,461.5219999551773,3119.9155941541735,0.056276477117085486,185.305,95.25384615384615,51.86923076923077,1257.4846153846154,877.0,130
2026-10-01T10:55:29+00:00,Tesla V100-DGXS-32GB,2,175,False,,distilbert,64,fp32,175.0,4096,4.967435967177153,174.60933791450577,867.3607053615052,868.7860000133514,824.570266645558,0.21175798470739873,189.368,99.89068825910931,24.004048582995953,1127.2267206477734,877.0,247
2026-10-01T10:55:37+00:00,Tesla V100-DGXS-32GB,2,175,False,,distilbert,16,fp32,175.0,4096,5.309335641562939,175.01866396207114,929.2328305125513,932.6590000391006,771.4712869036545,0.22686348401185336,206.476,98.43018867924528,29.29811320754717,1147.8528301886793,877.0,265
2026-10-01T10:55:44+00:00,Tesla V100-DGXS-32GB,2,175,False,,resnet18,128,fp16,175.0,8192,1.104895506054163,174.77671063332275,193.11000214168715,196.14300000667572,7414.275789079389,0.02357299830831142,191.29,94.10909090909091,54.763636363636365,1218.9272727272728,877.0,55
2026-10-01T10:55:48+00:00,Tesla V100-DGXS-32GB,2,175,False,,resnet18,16,fp16,175.0,8192,1.9458226263523102,168.82523992619682,328.50397174775117,328.15399992465973,4210.044579118157,0.040100582488739156,177.109,66.57731958762886,27.278350515463917,1514.7113402061855,877.0,97
2026-10-01T10:55:52+00:00,Tesla V100-DGXS-32GB,2,175,False,,resnet18,8,fp16,175.0,8192,3.8399153612554073,125.45480490872912,481.73583251232924,481.98600006103516,2133.3803558945474,0.05880564361722769,127.125,44.49214659685864,12.602094240837696,1530.0,877.0,191
2026-10-01T10:55:57+00:00,Tesla V100-DGXS-32GB,2,175,False,,distilbert,8,fp16,175.0,4096,3.2046019211411476,146.43009992982778,469.2501795480163,468.6779999732971,1278.1618749518282,0.11456303211621492,149.025,43.1,12.55625,1530.0,877.0,160
2026-10-01T10:56:03+00:00,Tesla V100-DGXS-32GB,2,175,False,,resnet18,256,fp16,175.0,8192,1.0564815290272236,174.9657036425633,184.84803411161934,185.8309999704361,7754.039966550998,0.022564457289016033,199.848,98.26923076923077,58.11538461538461,1185.8461538461538,877.0,52
2026-10-01T10:56:06+00:00,Tesla V100-DGXS-32GB,2,175,False,,distilbert,32,fp16,175.0,4096,1.2759372368454933,174.907916473171,223.17152364718018,226.0460000038147,3210.1892489058187,0.05448523526542485,197.64,91.3015873015873,38.84126984126984,1165.015873015873,877.0,63
2026-10-01T10:56:09+00:00,Tesla V100-DGXS-32GB,2,175,False,,resnet18,64,fp16,175.0,8192,1.1671915836632252,174.56197725543606,203.7472706801563,206.32799994945526,7018.55643465955,0.024871493002948768,184.111,90.3859649122807,48.35087719298246,1249.9122807017543,877.0,57
2026-10-01T10:56:13+00:00,Tesla V100-DGXS-32GB,2,175,False,,resnet18,256,fp32,175.0,8192,2.130938049405813,174.8002391697818,372.4884806921245,372.3700000047684,3844.3163574296505,0.04546978524073785,193.97,99.64423076923077,71.99038461538461,1176.5961538461538,877.0,104
2026-10-01T10:56:17+00:00,Tesla V100-DGXS-32GB,2,175,False,,distilbert,16,fp16,175.0,4096,1.5953877940773964,173.82507111464744,277.3183967609439,278.4560000896454,2567.4008634174697,0.06770468670921483,187.526,75.39240506329114,28.088607594936708,1348.2151898734178,877.0,79
2026-10-01T10:56:21+00:00,Tesla V100-DGXS-32GB,2,175,False,,distilbert,64,fp16,175.0,4096,1.1982010900974274,173.99497530762676,208.48096908507335,214.45100009441376,3418.457914828761,0.05089867409303549,208.734,91.76271186440678,41.30508474576271,1110.1016949152543,877.0,59
2026-10-01T10:56:24+00:00,Tesla V100-DGXS-32GB,2,175,False,,resnet18,8,fp32,175.0,8192,3.3721134662628174,174.00616091785133,586.7685184437812,587.597000002861,2429.336996503524,0.07162701641159439,181.263,95.9047619047619,37.767857142857146,1314.6130952380952,877.0,168
2026-10-01T10:56:29+00:00,Tesla V100-DGXS-32GB,2,175,False,,distilbert,128,fp32,175.0,4096,4.724997621029615,174.58039225475918,824.8919380821542,825.3589999675751,866.8787433394407,0.20138963332083842,207.238,99.84745762711864,25.546610169491526,1149.8559322033898,877.0,236
2026-10-01T10:56:37+00:00,Tesla V100-DGXS-32GB,2,175,False,,distilbert,128,fp16,175.0,4096,1.1447578929364681,176.0300455105393,201.51178399215559,205.10699999332428,3578.0491449534125,0.04919721288870986,217.016,95.0,43.52173913043478,1081.391304347826,877.0,46
2026-10-01T10:56:40+00:00,Tesla V100-DGXS-32GB,2,175,False,,distilbert,256,fp32,175.0,4096,4.700570873916149,174.60063913132365,820.7226788678441,821.3229999542236,871.3835212503736,0.20037174777046976,190.551,99.92307692307692,26.123931623931625,1139.0,877.0,234
2026-10-01T10:56:50+00:00,Tesla V100-DGXS-32GB,0,200,False,,distilbert,16,fp32,200.0,4096,4.957807011902332,199.8933928609186,991.0328647588099,991.0700000524521,826.1717308008621,0.24195138299775631,212.919,98.83400809716599,31.562753036437247,1240.3927125506073,877.0,247
2026-10-01T10:56:57+00:00,Tesla V100-DGXS-32GB,0,200,False,,resnet18,8,fp32,200.0,8192,3.3185412734746933,198.28395222744402,658.0134793344573,655.9910000562668,2468.554501786422,0.0803239110515695,206.631,91.0969696969697,38.70909090909091,1434.7636363636364,877.0,165
2026-10-01T10:57:02+00:00,Tesla V100-DGXS-32GB,0,200,False,,distilbert,32,fp16,200.0,4096,1.2043746747076511,199.68024080587293,240.48982506611864,241.32799994945526,3400.935013013504,0.05871333619778287,214.714,90.8,40.8,1270.1,877.0,60
2026-10-01T10:57:05+00:00,Tesla V100-DGXS-32GB,0,200,False,,resnet18,64,fp16,200.0,8192,1.1127819940447807,199.65918317000072,222.17714397726553,222.81299996376038,7361.729470678635,0.027121233395662296,213.611,89.52727272727273,50.054545454545455,1349.6181818181817,877.0,55
2026-10-01T10:57:08+00:00,Tesla V100-DGXS-32GB,0,200,False,,resnet18,64,fp32,200.0,8192,2.183744356036186,198.9272236406312,434.4062018871766,435.29900002479553,3751.3548586198394,0.05302810081630574,206.254,95.72222222222223,72.47222222222223,1323.0,877.0,108
2026-10-01T10:57:13+00:00,Tesla V100-DGXS-32GB,0,200,False,,resnet18,256,fp16,200.0,8192,1.0004889778792858,199.0979436598542,199.19529815011515,200.54100000858307,8187.996250957606,0.024315832293715228,209.476,95.12244897959184,59.48979591836735,1287.938775510204,877.0,49
2026-10-01T10:57:16+00:00,Tesla V100-DGXS-32GB,0,200,False,,distilbert,256,fp32,200.0,4096,4.380323991179466,199.69281950691123,874.7192481523942,875.6629999876022,935.0906481456619,0.21355450394345563,216.892,99.63302752293578,28.022935779816514,1233.6559633027523,877.0,218
2026-10-01T10:57:24+00:00,Tesla V100-DGXS-32GB,0,200,False,,distilbert,128,fp16,200.0,4096,1.0744252353906631,199.6202919457849,214.47707916260285,214.72000002861023,3812.27084498875,0.052362568154932336,214.89,96.40384615384616,47.21153846153846,1175.1346153846155,877.0,52
2026-10-01T10:57:27+00:00,Tesla V100-DGXS-32GB,0,200,False,,resnet18,256,fp32,200.0,8192,2.0239158794283867,199.49376669371213,403.7586022583858,405.85000002384186,4047.599054518838,0.04928693875224436,223.778,99.29702970297029,75.36633663366337,1293.7623762376238,877.0,101
2026-10-01T10:57:31+00:00,Tesla V100-DGXS-32GB,0,200,False,,resnet18,32,fp32,200.0,8192,2.293284110724926,199.67350509843104,457.90807657498436,460.6410000324249,3572.1696939723884,0.05589698200378227,216.52,94.85964912280701,58.20175438596491,1321.7105263157894,877.0,114
2026-10-01T10:57:36+00:00,Tesla V100-DGXS-32GB,0,200,False,,resnet18,16,fp32,200.0,8192,2.4953410737216473,199.52079570000578,497.87243657184985,498.7700001001358,3282.9179490810598,0.06077544391746214,211.323,94.58064516129032,53.96774193548387,1357.8306451612902,877.0,124
2026-10-01T10:57:40+00:00,Tesla V100-DGXS-32GB,0,200,False,,distilbert,128,fp32,200.0,4096,4.408871352672577,199.33025213384292,878.8214383539018,882.5099999904633,929.035953275679,0.21455601522312057,242.519,99.63636363636364,27.15909090909091,1242.4681818181818,877.0,220
2026-10-01T10:57:47+00:00,Tesla V100-DGXS-32GB,0,200,False,,resnet18,16,fp16,200.0,8192,1.911270972341299,168.7782061942526,322.5808862629094,323.24000000953674,4286.153098409083,0.03937754959264031,178.74,68.21052631578948,27.989473684210527,1503.5473684210526,877.0,95
2026-10-01T10:57:51+00:00,Tesla V100-DGXS-32GB,0,200,False,,distilbert,64,fp16,200.0,4096,1.1287042424082756,200.63376864965196,226.45618584522265,225.09599995613098,3628.9400235269004,0.05528715474736881,215.562,92.58181818181818,44.41818181818182,1211.3818181818183,877.0,55
2026-10-01T10:57:55+00:00,Tesla V100-DGXS-32GB,0,200,False,,resnet18,32,fp16,200.0,8192,1.22824152931571,196.69362220431816,241.58727534287823,240.8400000333786,6669.697941710217,0.02949063419712869,204.739,89.91803278688525,44.622950819672134,1415.0,877.0,61
2026-10-01T10:57:58+00:00,Tesla V100-DGXS-32GB,0,200,False,,distilbert,64,fp32,200.0,4096,4.639602690935135,200.04844861299964,928.1453205022722,927.3719999790192,882.8342150940582,0.22659797863825004,219.053,99.82683982683983,25.8008658008658,1220.5584415584415,877.0,231
2026-10-01T10:58:05+00:00,Tesla V100-DGXS-32GB,0,200,False,,resnet18,128,fp16,200.0,8192,1.049807883799076,198.9832671550417,208.8942026034605,208.40900003910065,7803.332520569903,0.02549978059124274,206.51,91.28846153846153,55.88461538461539,1318.9807692307693,877.0,52
2026-10-01T10:58:08+00:00,Tesla V100-DGXS-32GB,0,200,False,,distilbert,256,fp16,200.0,4096,1.0548423789441586,200.09443764300877,211.06809261684498,212.5770000219345,3883.044596767035,0.05153029604903442,229.315,98.78846153846153,48.26923076923077,1183.3461538461538,877.0,52
2026-10-01T10:58:11+00:00,Tesla V100-DGXS-32GB,0,200,False,,distilbert,16,fp16,200.0,4096,1.5807242877781391,196.25315826880248,310.22213382866323,311.7039999961853,2591.2172234395944,0.07573782564176348,204.433,72.2948717948718,28.884615384615383,1475.371794871795,877.0,78
2026-10-01T10:58:15+00:00,Tesla V100-DGXS-32GB,0,200,False,,distilbert,32,fp32,200.0,4096,4.745810821652412,199.67939984531316,947.6406566469462,947.6399999856949,863.0769649123605,0.23135758218919586,209.021,99.17299578059071,25.89873417721519,1262.2616033755273,877.0,237
2026-10-01T10:58:22+00:00,Tesla V100-DGXS-32GB,0,200,False,,resnet18,128,fp32,200.0,8192,2.0928476601839066,198.75798483971167,415.9701835146589,416.80200004577637,3914.283947107807,0.05077761029231676,211.635,97.48076923076923,74.77884615384616,1316.625,877.0,104
2026-10-01T10:58:26+00:00,Tesla V100-DGXS-32GB,0,200,False,,resnet18,8,fp16,200.0,8192,3.81465233117342,124.16379438923039,473.64170771421493,473.94199991226196,2147.5089441453947,0.05781759127370788,127.888,44.8,12.657894736842104,1521.7947368421053,877.0,190
2026-10-01T10:58:32+00:00,Tesla V100-DGXS-32GB,0,200,False,,distilbert,8,fp16,200.0,4096,3.1712675504386425,147.24596570675953,466.95635297884763,468.9410001039505,1291.5971089961963,0.11400301586397647,150.465,43.29113924050633,12.556962025316455,1530.0,877.0,158
2026-10-01T10:58:37+00:00,Tesla V100-DGXS-32GB,0,200,False,,distilbert,8,fp32,200.0,4096,5.503076907247305,200.18750118617828,1101.6472148972002,1099.652999997139,744.3108771759581,0.2689568395745118,236.23,98.04761904761905,29.835164835164836,1215.6849816849817,877.0,273
2026-10-01T10:58:45+00:00,Tesla V100-DGXS-32GB,1,200,False,,distilbert,32,fp32,200.0,4096,4.741474244743586,199.88641157556643,947.7562723597644,948.3510000705719,863.8663395758903,0.2313858086815831,207.979,99.92372881355932,26.093220338983052,1262.4237288135594,877.0,236
2026-10-01T10:58:52+00:00,Tesla V100-DGXS-32GB,1,200,False,,resnet18,8,fp16,200.0,8192,3.8057516738772392,123.83427825632344,471.28251175738274,471.08000004291534,2152.531405616941,0.057529603486008635,128.25,44.857894736842105,12.652631578947368,1517.4736842105262,877.0,190
2026-10-01T10:58:58+00:00,Tesla V100-DGXS-32GB,1,200,False,,distilbert,256,fp32,200.0,4096,4.3852193877100945,199.56168428134657,875.1217669546418,876.557000041008,934.0467688981187,0.2136527751354106,214.86,99.9269406392694,27.949771689497716,1231.4292237442921,877.0,219
2026-10-01T10:59:05+00:00,Tesla V100-DGXS-32GB,1,200,False,,distilbert,16,fp32,200.0,4096,4.963466718792915,199.68548048459672,991.132236611468,992.363000035286,825.2296695153669,0.24197564370397168,212.075,98.33603238866397,31.360323886639677,1239.6194331983806,877.0,247
2026-10-01T10:59:13+00:00,Tesla V100-DGXS-32GB,1,200,False,,resnet18,64,fp32,200.0,8192,2.182595081627369,199.36942985269692,435.14273702334907,436.48800003528595,3753.3301843106633,0.05311800989054554,210.395,95.9074074074074,72.47222222222223,1324.5555555555557,877.0,108
2026-10-01T10:59:17+00:00,Tesla V100-DGXS-32GB,1,200,False,,distilbert,8,fp32,200.0,4096,5.497247748076916,199.96656280997016,1099.2657370977895,1101.0329999923706,745.1001278654196,0.26837542409614,218.04,98.15328467153284,29.861313868613138,1215.970802919708,877.0,274
2026-10-01T10:59:24+00:00,Tesla V100-DGXS-32GB,1,200,False,,resnet18,8,fp32,200.0,8192,3.3189867064356804,198.18236419653093,657.7646322182807,658.7680000066757,2468.223203219014,0.08029353420633309,206.671,91.15151515151516,38.76969696969697,1431.8060606060606,877.0,165
2026-10-01T10:59:30+00:00,Tesla V100-DGXS-32GB,1,200,False,,resnet18,32,fp32,200.0,8192,2.2946172654628754,199.58674690773267,457.9751954120525,458.30200004577637,3570.0942912357505,0.05590517522119782,212.875,95.23684210526316,58.35087719298246,1320.201754385965,877.0,114
2026-10-01T10:59:34+00:00,Tesla V100-DGXS-32GB,1,200,False,,distilbert,64,fp16,200.0,4096,1.1276862919330597,200.18333529089733,225.7440030809844,225.70800006389618,3632.2158292610884,0.05511328200219346,215.271,93.48148148148148,44.851851851851855,1210.2037037037037,877.0,54
2026-10-01T10:59:37+00:00,Tesla V100-DGXS-32GB,1,200,False,,resnet18,64,fp16,200.0,8192,1.1128026880323887,198.05807901245157,220.39956271158735,222.5,7361.592569914396,0.026904243495066815,206.802,90.61818181818182,51.10909090909091,1353.5454545454545,877.0,55
2026-10-01T10:59:41+00:00,Tesla V100-DGXS-32GB,1,200,False,,resnet18,128,fp32,200.0,8192,2.09931218996644,199.08692004294514,417.9455981090287,418.3330000638962,3902.2304729869443,0.051018749769168543,211.036,97.03846153846153,74.375,1318.4134615384614,877.0,104
2026-10-01T10:59:45+00:00,Tesla V100-DGXS-32GB,1,200,False,,distilbert,64,fp32,200.0,4096,4.6395578272640705,199.73319055672007,926.6736876118567,927.9469999074936,882.842751938582,0.22623869326461346,223.073,99.72727272727273,25.675324675324674,1219.8831168831168,877.0,231
2026-10-01T10:59:52+00:00,Tesla V100-DGXS-32GB,1,200,False,,distilbert,128,fp32,200.0,4096,4.414952918887138,199.46027379873553,880.6077180097552,879.7569999694824,927.7562128640919,0.2149921186547254,214.22,99.74429223744292,27.200913242009133,1241.2785388127854,877.0,219
2026-10-01T10:59:59+00:00,Tesla V100-DGXS-32GB,1,200,False,,resnet18,128,fp16,200.0,8192,1.0514141507446766,199.34301684046957,209.59206875820408,208.5789999961853,7791.411209558021,0.02558496933083546,207.632,91.1923076923077,55.53846153846154,1313.4423076923076,877.0,52
2026-10-01T11:00:02+00:00,Tesla V100-DGXS-32GB,1,200,False,,resnet18,32,fp16,200.0,8192,1.2245004586875439,199.18031729134347,243.8963898847806,243.5130000114441,6690.075076640175,0.029772508530857007,211.513,89.11475409836065,43.77049180327869,1420.8688524590164,877.0,61
2026-10-01T11:00:05+00:00,Tesla V100-DGXS-32GB,1,200,False,,distilbert,8,fp16,200.0,4096,3.2149402983486652,145.43294783546156,467.55824470386466,467.6729999780655,1274.051652562222,0.11414996208590446,149.439,42.84375,12.525,1529.0625,877.0,160
2026-10-01T11:00:11+00:00,Tesla V100-DGXS-32GB,1,200,False,,resnet18,256,fp16,200.0,8192,1.0007788725197315,199.88519015358224,200.04087523529418,200.64000010490417,8185.624442065233,0.02441905215274587,210.439,97.93877551020408,61.285714285714285,1288.6938775510205,877.0,49
2026-10-01T11:00:14+00:00,Tesla V100-DGXS-32GB,1,200,False,,resnet18,16,fp16,200.0,8192,1.9286661855876446,171.54055674911447,330.8444712588955,329.9370000362396,4247.495010394441,0.04038628799547064,177.681,66.8125,27.25,1521.8333333333333,877.0,96
2026-10-01T11:00:18+00:00,Tesla V100-DGXS-32GB,1,200,False,,distilbert,32,fp16,200.0,4096,1.2059425860643387,201.21353775505582,242.65197407148648,243.01199996471405,3396.5132729639527,0.0592412046072965,222.879,90.86666666666666,41.266666666666666,1271.95,877.0,60
2026-10-01T11:00:21+00:00,Tesla V100-DGXS-32GB,1,200,False,,distilbert,16,fp16,200.0,4096,1.6018930710852146,193.34401860257552,309.71644373523657,310.45099997520447,2556.9746657466553,0.07561436614629799,204.692,72.07594936708861,28.848101265822784,1470.0379746835442,877.0,79
2026-10-01T11:00:25+00:00,Tesla V100-DGXS-32GB,1,200,False,,resnet18,256,fp32,200.0,8192,2.0202618055045605,199.55017852350167,403.14360395264686,404.26199996471405,4054.9199998136123,0.04921186571687584,219.258,99.68,75.25,1290.78,877.0,100
2026-10-01T11:00:29+00:00,Tesla V100-DGXS-32GB,1,200,False,,distilbert,128,fp16,200.0,4096,1.073166873306036,200.34772606692766,215.00654275721897,215.73099994659424,3816.740995164822,0.05249183172783666,231.885,98.61538461538461,48.59615384615385,1184.0,877.0,52
2026-10-01T11:00:32+00:00,Tesla V100-DGXS-32GB,1,200,False,,resnet18,16,fp32,200.0,8192,2.5114989951252937,198.07394977034684,497.462525808724,496.9980000257492,3261.797044673441,0.06072540598251026,207.096,94.528,53.592,1356.632,877.0,125
2026-10-01T11:00:37+00:00,Tesla V100-DGXS-32GB,1,200,False,,distilbert,256,fp16,200.0,4096,1.0554250665009022,198.98284925812928,210.01148691080007,210.77899992465973,3880.9008142848566,0.05127233567158205,222.484,99.53846153846153,48.46153846153846,1181.076923076923,877.0,52
2026-10-01T11:00:40+00:00,Tesla V100-DGXS-32GB,2,200,False,,distilbert,32,fp32,200.0,4096,4.743361756205559,199.7009123268762,947.2536702106638,950.8540000915527,863.5225838808013,0.23126310307877535,214.394,99.16949152542372,25.944915254237287,1262.8601694915253,877.0,236
2026-10-01T11:00:47+00:00,Tesla V100-DGXS-32GB,2,200,False,,distilbert,8,fp32,200.0,4096,5.501626428216696,199.8385156097182,1099.4368588540203,1101.3029999732971,744.5071113866381,0.2684172018686573,221.07,97.92700729927007,29.631386861313867,1214.2481751824816,877.0,274
2026-10-01T11:00:55+00:00,Tesla V100-DGXS-32GB,2,200,False,,resnet18,32,fp16,200.0,8192,1.225818295031786,198.65331316658768,243.51286564828195,243.38899993896484,6682.882800168664,0.029725691607456292,205.387,89.37704918032787,44.16393442622951,1421.7868852459017,877.0,61
2026-10-01T11:00:58+00:00,Tesla V100-DGXS-32GB,2,200,False,,distilbert,256,fp16,200.0,4096,1.0540831945836544,200.80711602073367,211.66740635026548,213.59899997711182,3885.8412894229405,0.05167661287848278,226.092,99.03846153846153,48.05769230769231,1171.6153846153845,877.0,52
2026-10-01T11:01:02+00:00,Tesla V100-DGXS-32GB,2,200,False,,resnet18,128,fp32,200.0,8192,2.0991464406251907,198.93829781186145,417.6006197558031,418.8090000152588,3902.5385944775576,0.05097663815378456,209.671,98.09615384615384,75.3076923076923,1318.9134615384614,877.0,104
2026-10-01T11:01:06+00:00,Tesla V100-DGXS-32GB,2,200,False,,resnet18,32,fp32,200.0,8192,2.2940862961113453,199.1146632488265,456.7862203139582,455.9370000362396,3570.9205943499496,0.05576003665941873,205.753,95.05263157894737,58.60526315789474,1320.5701754385964,877.0,114
2026-10-01T11:01:10+00:00,Tesla V100-DGXS-32GB,2,200,False,,resnet18,64,fp32,200.0,8192,2.1854074858129025,198.88439680441832,434.6434495877595,436.5390000343323,3748.500018042555,0.0530570617172558,207.753,96.05555555555556,72.5,1321.1944444444443,877.0,108
2026-10-01T11:01:14+00:00,Tesla V100-DGXS-32GB,2,200,False,,resnet18,16,fp32,200.0,8192,2.5002350099384785,199.0129310398001,497.5790976161803,498.0259999036789,3276.49199672697,0.06073963593947514,208.387,94.60483870967742,53.983870967741936,1352.5967741935483,877.0,124
2026-10-01T11:01:19+00:00,Tesla V100-DGXS-32GB,2,200,False,,distilbert,64,fp32,200.0,4096,4.6421842984855175,199.53355797802678,926.2715498665456,928.4529999494553,882.343254087584,0.2261405151041371,220.558,99.61904761904762,25.675324675324674,1217.95670995671,877.0,231
2026-10-01T11:01:26+00:00,Tesla V100-DGXS-32GB,2,200,False,,distilbert,16,fp32,200.0,4096,4.964765258133411,199.71930262382062,991.5594550453777,992.3689999580383,825.0138298663412,0.24207994507943792,213.393,98.28225806451613,31.358870967741936,1239.8709677419354,877.0,248
2026-10-01T11:01:33+00:00,Tesla V100-DGXS-32GB,2,200,False,,resnet18,128,fp16,200.0,8192,1.050844106823206,198.81292450835778,208.9213900798947,208.3949999809265,7795.637760928342,0.025503099374987147,208.576,93.13461538461539,56.75,1317.076923076923,877.0,52
2026-10-01T11:01:36+00:00,Tesla V100-DGXS-32GB,2,200,False,,resnet18,16,fp16,200.0,8192,1.9266059026122093,172.54396353669964,332.42421860991135,332.14600002765656,4252.0372167929045,0.040579128248280194,178.968,66.6875,27.166666666666668,1521.8333333333333,877.0,96
2026-10-01T11:01:40+00:00,Tesla V100-DGXS-32GB,2,200,False,,resnet18,8,fp16,200.0,8192,3.841798562556505,126.14900837052323,484.6390790258047,484.63100004196167,2132.334599695585,0.05916004382639217,127.853,44.38743455497382,12.612565445026178,1530.0,877.0,191
2026-10-01T11:01:46+00:00,Tesla V100-DGXS-32GB,2,200,False,,distilbert,8,fp16,200.0,4096,3.201770309358835,147.1941149317851,471.28174690094147,471.30200004577637,1279.2922677892648,0.11505902023948766,150.033,43.18867924528302,12.547169811320755,1530.0,877.0,159
2026-10-01T11:01:51+00:00,Tesla V100-DGXS-32GB,2,200,False,,resnet18,256,fp16,200.0,8192,1.0019639506936073,198.52432645761712,198.9142184462615,200.36300003528595,8175.942851366165,0.024281520806428404,210.27,97.0,60.55102040816327,1284.734693877551,877.0,49
2026-10-01T11:01:55+00:00,Tesla V100-DGXS-32GB,2,200,False,,distilbert,32,fp16,200.0,4096,1.2052731812000275,199.2452230405345,240.14492381297404,243.25300002098083,3398.3996855566197,0.058629131790276866,208.273,90.6,41.1,1267.9333333333334,877.0,60
2026-10-01T11:01:58+00:00,Tesla V100-DGXS-32GB,2,200,False,,resnet18,64,fp16,200.0,8192,1.1118566617369652,200.1029198008367,222.48576441357795,221.52499997615814,7367.856201178208,0.02715890678876684,210.722,90.2909090909091,50.58181818181818,1351.5272727272727,877.0,55
2026-10-01T11:02:01+00:00,Tesla V100-DGXS-32GB,2,200,False,,resnet18,256,fp32,200.0,8192,2.0201787538826466,199.04177315568268,402.0999612642394,406.65500009059906,4055.086701736434,0.0490844679277636,218.55,98.92,74.64,1291.55,877.0,100
2026-10-01T11:02:05+00:00,Tesla V100-DGXS-32GB,2,200,False,,distilbert,16,fp16,200.0,4096,1.6140111088752747,196.06352960078416,316.44871482096187,317.38100004196167,2537.7768328089774,0.0772579870168364,204.441,70.625,28.7,1493.1875,877.0,80
2026-10-01T11:02:09+00:00,Tesla V100-DGXS-32GB,2,200,False,,distilbert,64,fp16,200.0,4096,1.125933114439249,199.92942934705113,225.10716505278708,228.9649999141693,3637.871510724631,0.054957803967965596,216.3,92.23636363636363,43.90909090909091,1210.8727272727272,877.0,55
2026-10-01T11:02:12+00:00,Tesla V100-DGXS-32GB,2,200,False,,resnet18,8,fp32,200.0,8192,3.388481441885233,197.54661300913205,669.3830320887279,669.4160000085831,2417.602144352385,0.08171179590926854,206.194,89.23076923076923,37.80473372781065,1445.319526627219,877.0,169
2026-10-01T11:02:18+00:00,Tesla V100-DGXS-32GB,2,200,False,,distilbert,128,fp32,200.0,4096,4.410618845373392,199.3957168871903,879.4585065893791,878.6370000839233,928.6678680694846,0.21471154946029763,215.819,99.74429223744292,27.187214611872147,1241.5479452054794,877.0,219
2026-10-01T11:02:25+00:00,Tesla V100-DGXS-32GB,2,200,False,,distilbert,128,fp16,200.0,4096,1.0734167322516441,199.09483435337677,213.71172649978408,215.91400003433228,3815.8525733133097,0.05217571447748635,228.058,98.09433962264151,48.0377358490566,1177.2264150943397,877.0,53
2026-10-01T11:02:28+00:00,Tesla V100-DGXS-32GB,2,200,False,,distilbert,256,fp32,200.0,4096,4.384330466389656,199.68711131560758,875.494285886361,876.4639999866486,934.2361465222565,0.21374372214022486,218.137,99.87614678899082,27.94954128440367,1231.51376146789,877.0,218
2026-10-01T11:02:37+00:00,Tesla V100-DGXS-32GB,0,225,False,,distilbert,16,fp32,225.0,4096,4.696724932640791,224.1577075815604,1052.8070940419184,1053.9210000038147,872.0970588535134,0.25703298194382773,231.465,98.38461538461539,33.11538461538461,1311.662393162393,877.0,234
2026-10-01T11:02:44+00:00,Tesla V100-DGXS-32GB,0,225,False,,resnet18,8,fp32,225.0,8192,3.3550427928566933,218.75617715438912,733.9363355547152,734.7319999933243,2441.6976193095943,0.08959183783626895,231.672,87.11976047904191,38.58682634730539,1516.5928143712574,877.0,167
2026-10-01T11:02:49+00:00,Tesla V100-DGXS-32GB,0,225,False,,distilbert,32,fp16,225.0,4096,1.1555493883788586,224.34974919432517,259.2472154644528,260.4409999847412,3544.6343022571746,0.06329277721300117,238.84,90.01754385964912,42.29824561403509,1365.5263157894738,877.0,57
2026-10-01T11:02:52+00:00,Tesla V100-DGXS-32GB,0,225,False,,resnet18,64,fp16,225.0,8192,1.0730631425976753,222.6591522982582,238.92732969330334,240.42900002002716,7634.219902631988,0.029165933800452067,231.428,89.13207547169812,52.20754716981132,1460.811320754717,877.0,53
2026-10-01T11:02:56+00:00,Tesla V100-DGXS-32GB,0,225,False,,resnet18,64,fp32,225.0,8192,2.113935261964798,224.0893916595143,473.71046686128756,475.43099999427795,3875.236932462133,0.057825984724278266,234.398,96.15238095238095,75.11428571428571,1422.1904761904761,877.0,105
2026-10-01T11:03:00+00:00,Tesla V100-DGXS-32GB,0,225,False,,resnet18,256,fp16,225.0,8192,0.9612535983324051,224.9128523552671,216.19828863770545,219.7039999961853,8522.204769076116,0.026391392655969903,236.954,97.55319148936171,63.42553191489362,1390.8297872340424,877.0,47
2026-10-01T11:03:03+00:00,Tesla V100-DGXS-32GB,0,225,False,,distilbert,256,fp32,225.0,4096,4.15577444806695,223.9709251945647,930.7726480334862,932.1500000953674,985.6165321737435,0.22723941602380035,239.051,99.76699029126213,29.466019417475728,1308.868932038835,877.0,206
2026-10-01T11:03:10+00:00,Tesla V100-DGXS-32GB,0,225,False,,distilbert,128,fp16,225.0,4096,1.0252593234181404,225.14723279910618,230.83429956907815,230.04299998283386,3995.086810178163,0.05635603016823197,232.886,97.05882352941177,49.568627450980394,1260.2549019607843,877.0,51
2026-10-01T11:03:14+00:00,Tesla V100-DGXS-32GB,0,225,False,,resnet18,256,fp32,225.0,8192,1.9654612988233566,220.54663783766392,433.4758812555394,435.0059999227524,4167.978278129528,0.052914536286076584,248.49,99.08247422680412,77.23711340206185,1377.6494845360826,877.0,97
2026-10-01T11:03:18+00:00,Tesla V100-DGXS-32GB,0,225,False,,resnet18,32,fp32,225.0,8192,2.2088064178824425,223.91040667686738,494.5747432985324,496.28399991989136,3708.790382750507,0.06037289346905913,233.555,94.54545454545455,60.17272727272727,1410.409090909091,877.0,110
2026-10-01T11:03:22+00:00,Tesla V100-DGXS-32GB,0,225,False,,resnet18,16,fp32,225.0,8192,2.4072379246354103,223.30374602526706,537.5452461451766,536.9980000257492,3403.070347207464,0.06561831617983113,234.315,94.65546218487395,56.142857142857146,1445.420168067227,877.0,119
2026-10-01T11:03:27+00:00,Tesla V100-DGXS-32GB,0,225,False,,distilbert,128,fp32,225.0,4096,4.185061473399401,224.26342332243541,938.5562128393851,939.2649999856949,978.7191958910322,0.2291397004002405,234.844,99.92344497607655,28.669856459330145,1317.909090909091,877.0,209
2026-10-01T11:03:34+00:00,Tesla V100-DGXS-32GB,0,225,False,,resnet18,16,fp16,225.0,8192,1.9304672256112099,171.55593473714222,331.1831093691487,331.8969999551773,4243.532286545974,0.04042762565541366,177.552,66.27083333333333,27.197916666666668,1522.21875,877.0,96
2026-10-01T11:03:38+00:00,Tesla V100-DGXS-32GB,0,225,False,,distilbert,64,fp16,225.0,4096,1.0782477781176567,224.04303210869736,241.57390157394576,241.5039999485016,3798.7557991082185,0.0589780033139516,232.823,92.24528301886792,45.9622641509434,1298.7169811320755,877.0,53
2026-10-01T11:03:41+00:00,Tesla V100-DGXS-32GB,0,225,False,,resnet18,32,fp16,225.0,8192,1.1900874264538288,218.6926485077121,260.26337124691486,261.9269999265671,6883.52789711439,0.03177043106041441,233.235,89.69491525423729,46.08474576271186,1504.8305084745762,877.0,59
2026-10-01T11:03:44+00:00,Tesla V100-DGXS-32GB,0,225,False,,distilbert,64,fp32,225.0,4096,4.402803182601929,224.58575213114673,988.8068642500607,989.3109999895096,930.3163984676197,0.24140792584229998,240.827,99.74429223744292,27.10958904109589,1296.4566210045662,877.0,219
2026-10-01T11:03:51+00:00,Tesla V100-DGXS-32GB,0,225,False,,resnet18,128,fp16,225.0,8192,1.0171069502830505,220.23861481868303,224.00622585279416,225.67799997329712,8054.216911722262,0.027344509991796162,229.55,93.04,59.66,1410.3,877.0,50
2026-10-01T11:03:54+00:00,Tesla V100-DGXS-32GB,0,225,False,,distilbert,256,fp16,225.0,4096,1.0031755715608597,226.55651625940814,227.27596268936895,227.78799998760223,4083.0340332420146,0.05548729557845922,236.767,99.68,50.94,1267.98,877.0,50
2026-10-01T11:03:57+00:00,Tesla V100-DGXS-32GB,0,225,False,,distilbert,16,fp16,225.0,4096,1.5944702215492725,207.9828862848513,331.62251877306403,332.0699999332428,2568.878330019928,0.08096252899733009,214.953,70.48101265822785,28.78481012658228,1518.8354430379748,877.0,79
2026-10-01T11:04:01+00:00,Tesla V100-DGXS-32GB,0,225,False,,distilbert,32,fp32,225.0,4096,4.516244079917669,224.19308561048337,1012.5106956468207,1013.2910000085831,906.9483242089674,0.2471949940543996,233.694,99.27111111111111,27.293333333333333,1337.8622222222223,877.0,225
2026-10-01T11:04:08+00:00,Tesla V100-DGXS-32GB,0,225,False,,resnet18,128,fp32,225.0,8192,2.025879167020321,223.6438421156199,453.07540057441616,453.00600004196167,4043.6765101093656,0.05530705573418166,236.9,96.74257425742574,76.54455445544555,1413.069306930693,877.0,101
2026-10-01T11:04:12+00:00,Tesla V100-DGXS-32GB,0,225,False,,resnet18,8,fp16,225.0,8192,3.850802380591631,125.02549441340959,481.4484715218033,480.06499993801117,2127.348845863494,0.05877056537131388,127.53,44.479166666666664,12.614583333333334,1529.5833333333333,877.0,192
2026-10-01T11:04:18+00:00,Tesla V100-DGXS-32GB,0,225,False,,distilbert,8,fp16,225.0,4096,3.2032047621905804,146.6381292452063,469.71195391696267,470.98800003528595,1278.7193776519184,0.11467576999925846,149.151,43.09375,12.55,1530.0,877.0,160
2026-10-01T11:04:23+00:00,Tesla V100-DGXS-32GB,0,225,False,,distilbert,8,fp32,225.0,4096,5.208013992756605,224.8185532194668,1170.8581709982786,1170.4259999990463,786.4802217691401,0.2858540456538766,245.313,97.93050193050193,31.227799227799228,1292.6061776061777,877.0,259
2026-10-01T11:04:30+00:00,Tesla V100-DGXS-32GB,1,225,False,,distilbert,32,fp32,225.0,4096,4.5220564641058445,223.89001232329596,1012.4432774752977,1012.6909999847412,905.7825864210898,0.2471785345398676,234.938,99.30666666666667,27.395555555555557,1336.7377777777779,877.0,225
2026-10-01T11:04:37+00:00,Tesla V100-DGXS-32GB,1,225,False,,resnet18,8,fp16,225.0,8192,3.854443684220314,123.1230694531442,474.57093743549075,473.4940000772476,2125.3391335141787,0.057931022636168304,127.661,44.885416666666664,12.677083333333334,1516.7447916666667,877.0,192
2026-10-01T11:04:43+00:00,Tesla V100-DGXS-32GB,1,225,False,,distilbert,256,fp32,225.0,4096,4.158791970461607,223.90508669147502,931.1746766780163,935.0509999990463,984.9013918206067,0.22733756754834383,235.562,99.65217391304348,29.40096618357488,1308.4444444444443,877.0,207
2026-10-01T11:04:50+00:00,Tesla V100-DGXS-32GB,1,225,False,,distilbert,16,fp32,225.0,4096,4.69572976231575,224.28114258606075,1053.163636367548,1052.1699999570847,872.2818831848648,0.2571200284100459,234.437,98.56410256410257,33.217948717948715,1312.457264957265,877.0,234
2026-10-01T11:04:57+00:00,Tesla V100-DGXS-32GB,1,225,False,,resnet18,64,fp32,225.0,8192,2.1133041568100452,224.02446879511868,473.4318411318866,476.50100004673004,3876.3942112173395,0.05779197279441975,235.438,95.84761904761905,74.92380952380952,1422.8380952380953,877.0,105
2026-10-01T11:05:01+00:00,Tesla V100-DGXS-32GB,1,225,False,,distilbert,8,fp32,225.0,4096,5.213651314377785,224.67346453514082,1171.3691036794476,1172.4739999771118,785.6298308067484,0.2859787850779901,240.931,97.92307692307692,31.276923076923076,1291.8,877.0,260
2026-10-01T11:05:09+00:00,Tesla V100-DGXS-32GB,1,225,False,,resnet18,8,fp32,225.0,8192,3.364358574151993,217.53021854028114,731.8496558831516,731.595999956131,2434.936651205451,0.08933711619667378,230.367,86.78571428571429,38.357142857142854,1511.172619047619,877.0,168
2026-10-01T11:05:14+00:00,Tesla V100-DGXS-32GB,1,225,False,,resnet18,32,fp32,225.0,8192,2.2127042189240456,223.31256102957053,494.12464592886414,495.0130000114441,3702.257143064273,0.0603179499424883,237.589,94.67272727272727,60.00909090909091,1406.2727272727273,877.0,110
2026-10-01T11:05:18+00:00,Tesla V100-DGXS-32GB,1,225,False,,distilbert,64,fp16,225.0,4096,1.0771648287773132,224.21505257650406,241.51656871786628,243.48799991607666,3802.574954707125,0.05896400603463532,232.345,92.22641509433963,46.0188679245283,1296.188679245283,877.0,53
2026-10-01T11:05:21+00:00,Tesla V100-DGXS-32GB,1,225,False,,resnet18,64,fp16,225.0,8192,1.0751761347055435,221.91527061003634,238.5980028866336,241.48599994182587,7619.216736282496,0.029125732774247265,231.122,89.54716981132076,52.60377358490566,1449.245283018868,877.0,53
2026-10-01T11:05:25+00:00,Tesla V100-DGXS-32GB,1,225,False,,resnet18,128,fp32,225.0,8192,2.03141276165843,223.86661700256386,454.7655026883083,456.82099997997284,4032.661482992808,0.05551336702738138,236.822,97.7128712871287,77.34653465346534,1415.8613861386139,877.0,101
2026-10-01T11:05:29+00:00,Tesla V100-DGXS-32GB,1,225,False,,distilbert,64,fp32,225.0,4096,4.4044139534235,224.35963209768826,988.1726941960211,988.6460000276566,929.976165572772,0.24125309916895046,237.435,99.83636363636364,27.009090909090908,1295.1772727272728,877.0,220
2026-10-01T11:05:36+00:00,Tesla V100-DGXS-32GB,1,225,False,,distilbert,128,fp32,225.0,4096,4.187279675155878,223.99390071964686,937.9251078422609,939.3320000171661,978.2007216528998,0.22898562203180198,234.033,99.8468899521531,28.660287081339714,1316.956937799043,877.0,209
2026-10-01T11:05:42+00:00,Tesla V100-DGXS-32GB,1,225,False,,resnet18,128,fp16,225.0,8192,1.0146210119128227,223.32981534005458,226.59512323063,227.85899996757507,8073.950671054962,0.027660537503739015,231.025,92.32,58.26,1413.76,877.0,50
2026-10-01T11:05:46+00:00,Tesla V100-DGXS-32GB,1,225,False,,resnet18,32,fp16,225.0,8192,1.1841497644782066,222.91863507251517,263.9690492189221,263.9670000076294,6918.043853692602,0.032222784328481704,229.986,88.69491525423729,45.440677966101696,1516.542372881356,877.0,59
2026-10-01T11:05:49+00:00,Tesla V100-DGXS-32GB,1,225,False,,distilbert,8,fp16,225.0,4096,3.206478714942932,146.19290511287292,468.7644385200988,469.2450000047684,1277.413750140206,0.114444442998071,149.315,42.98125,12.51875,1529.65,877.0,160
2026-10-01T11:05:54+00:00,Tesla V100-DGXS-32GB,1,225,False,,resnet18,256,fp16,225.0,8192,0.9625723324716091,224.79568018445102,216.3821022046889,216.31399989128113,8510.529259619689,0.026413830835533312,230.238,95.68085106382979,62.12765957446808,1386.8936170212767,877.0,47
2026-10-01T11:05:57+00:00,Tesla V100-DGXS-32GB,1,225,False,,resnet18,16,fp16,225.0,8192,1.9282594360411167,171.12237628500995,329.96833678934905,329.1160000562668,4248.390982501236,0.040279337986981086,178.127,66.66666666666667,27.270833333333332,1518.875,877.0,96
2026-10-01T11:06:01+00:00,Tesla V100-DGXS-32GB,1,225,False,,distilbert,32,fp16,225.0,4096,1.1584148295223713,223.57176607952022,258.9888492890229,260.0259999036789,3535.8663370088516,0.06322969953345285,235.517,89.63157894736842,42.1578947368421,1359.0350877192982,877.0,57
2026-10-01T11:06:04+00:00,Tesla V100-DGXS-32GB,1,225,False,,distilbert,16,fp16,225.0,4096,1.597493551671505,205.6730567392008,328.56138189344085,330.2719999551773,2564.016609465643,0.08021518112632833,215.022,70.60759493670886,28.949367088607595,1515.2025316455697,877.0,79
2026-10-01T11:06:08+00:00,Tesla V100-DGXS-32GB,1,225,False,,resnet18,256,fp32,225.0,8192,1.9611678309738636,219.66942838883236,430.80861640459483,433.93099999427795,4177.102984568165,0.05258894243220152,246.391,98.90721649484536,77.0,1376.5979381443299,877.0,97
2026-10-01T11:06:12+00:00,Tesla V100-DGXS-32GB,1,225,False,,distilbert,128,fp16,225.0,4096,1.0251599103212357,223.82752269464112,229.45900309306262,230.85600006580353,3995.474226763814,0.05602026442701724,233.783,95.04,48.42,1260.36,877.0,50
2026-10-01T11:06:16+00:00,Tesla V100-DGXS-32GB,1,225,False,,resnet18,16,fp32,225.0,8192,2.418852597475052,223.43348025529968,540.4526540784224,542.1750000715256,3386.729728198947,0.06597322437480742,230.433,94.36666666666666,55.733333333333334,1448.775,877.0,120
2026-10-01T11:06:20+00:00,Tesla V100-DGXS-32GB,1,225,False,,distilbert,256,fp16,225.0,4096,1.0040212273597717,225.60048009369694,226.50767091662735,227.91400003433228,4079.5950208852278,0.055299724344879723,238.047,99.68,50.92,1264.66,877.0,50
2026-10-01T11:06:23+00:00,Tesla V100-DGXS-32GB,2,225,False,,distilbert,32,fp32,225.0,4096,4.521515157073736,224.02114643067532,1012.9150090913333,1014.2089999914169,905.8910249569695,0.2472937033914388,234.65,99.09333333333333,27.182222222222222,1336.4266666666667,877.0,225
2026-10-01T11:06:30+00:00,Tesla V100-DGXS-32GB,2,225,False,,distilbert,8,fp32,225.0,4096,5.213431961834431,224.7562017308569,1171.7511657241564,1172.0880000591278,785.6628857891062,0.2860720619443741,240.525,97.94594594594595,31.25868725868726,1291.3822393822393,877.0,259
2026-10-01T11:06:37+00:00,Tesla V100-DGXS-32GB,2,225,False,,resnet18,32,fp16,225.0,8192,1.1917583756148815,218.91330420710676,260.89176382234797,259.78000009059906,6873.876590775693,0.03184713913847021,230.293,88.55932203389831,45.52542372881356,1501.1016949152543,877.0,59
2026-10-01T11:06:41+00:00,Tesla V100-DGXS-32GB,2,225,False,,distilbert,256,fp16,225.0,4096,1.0059309229254723,225.2533769740427,226.5893373915781,225.96199989318848,4071.850170474843,0.05531966244911575,238.979,99.64,50.68,1261.24,877.0,50
2026-10-01T11:06:44+00:00,Tesla V100-DGXS-32GB,2,225,False,,resnet18,128,fp32,225.0,8192,2.034315064549446,222.89236397070744,453.4332937986483,454.95099997520447,4026.9081927161265,0.05535074387190531,238.98,97.75247524752476,77.47524752475248,1411.2079207920792,877.0,101
2026-10-01T11:06:48+00:00,Tesla V100-DGXS-32GB,2,225,False,,resnet18,32,fp32,225.0,8192,2.208823513239622,224.41422934859514,495.69142649072626,494.63699996471405,3708.7616782859277,0.06050920733529373,242.634,94.85321100917432,60.3394495412844,1411.1100917431193,877.0,109
2026-10-01T11:06:52+00:00,Tesla V100-DGXS-32GB,2,225,False,,resnet18,64,fp32,225.0,8192,2.1123936362564564,223.92665472264468,473.0212404243114,470.95300006866455,3878.065081902872,0.05774185063773332,233.982,96.0,74.95238095238095,1418.9238095238095,877.0,105
2026-10-01T11:06:57+00:00,Tesla V100-DGXS-32GB,2,225,False,,resnet18,16,fp32,225.0,8192,2.4058943055570126,223.8017635279707,538.4433884455618,538.8619999885559,3404.970858893732,0.06572795269110862,233.113,94.225,55.925,1446.8083333333334,877.0,120
2026-10-01T11:07:01+00:00,Tesla V100-DGXS-32GB,2,225,False,,distilbert,64,fp32,225.0,4096,4.405769430100918,224.53281971756394,989.2398331660038,989.0460000038147,929.6900496007522,0.2415136311440439,232.498,99.92727272727272,27.072727272727274,1294.5954545454545,877.0,220
2026-10-01T11:07:08+00:00,Tesla V100-DGXS-32GB,2,225,False,,distilbert,16,fp32,225.0,4096,4.697415303438902,224.16273527093009,1052.9854631223902,1054.2820000648499,871.968888295098,0.2570765290826148,232.645,98.52991452991454,33.098290598290596,1311.5213675213674,877.0,234
2026-10-01T11:07:15+00:00,Tesla V100-DGXS-32GB,2,225,False,,resnet18,128,fp16,225.0,8192,1.0133079439401627,223.96264031454393,226.9431225765407,228.45299994945526,8084.413083890468,0.02770301789264413,229.062,92.16,58.74,1422.92,877.0,50
2026-10-01T11:07:18+00:00,Tesla V100-DGXS-32GB,2,225,False,,resnet18,16,fp16,225.0,8192,1.9236540012061596,173.76176332726135,334.25751128112404,334.45299994945526,4258.562088017645,0.04080291885755909,178.165,66.76842105263158,27.042105263157893,1529.157894736842,877.0,95
2026-10-01T11:07:22+00:00,Tesla V100-DGXS-32GB,2,225,False,,resnet18,8,fp16,225.0,8192,3.8394140861928463,126.07781153310422,484.06492555656723,484.16100001335144,2133.658890678074,0.0590899567329794,127.797,44.37696335078534,12.575916230366492,1530.0,877.0,191
2026-10-01T11:07:28+00:00,Tesla V100-DGXS-32GB,2,225,False,,distilbert,8,fp16,225.0,4096,3.205616384744644,146.92010104136432,470.96948314653616,470.18100011348724,1277.757382166077,0.1149827839713223,149.292,42.98125,12.51875,1530.0,877.0,160
2026-10-01T11:07:33+00:00,Tesla V100-DGXS-32GB,2,225,False,,resnet18,256,fp16,225.0,8192,0.9630458876490593,223.79917027551474,215.52887059310606,216.67700004577637,8506.3444069087,0.026309676586072517,231.109,96.58333333333333,62.8125,1383.2083333333333,877.0,48
2026-10-01T11:07:36+00:00,Tesla V100-DGXS-32GB,2,225,False,,distilbert,32,fp16,225.0,4096,1.1583705432713032,223.7434683217228,259.17784295323963,259.59800004959106,3536.0015185060447,0.06327584056475577,236.164,90.03508771929825,42.26315789473684,1358.6666666666667,877.0,57
2026-10-01T11:07:39+00:00,Tesla V100-DGXS-32GB,2,225,False,,resnet18,64,fp16,225.0,8192,1.0769657157361507,221.4432502829446,238.486788535911,239.4630000591278,7606.555975090097,0.029112156803700072,230.685,89.13207547169812,52.35849056603774,1448.1698113207547,877.0,53
2026-10-01T11:07:42+00:00,Tesla V100-DGXS-32GB,2,225,False,,resnet18,256,fp32,225.0,8192,1.9568776190280914,222.01888766570707,434.46379227453417,434.92399990558624,4186.260765795187,0.05303513089288747,251.826,99.83505154639175,77.50515463917526,1383.9484536082475,877.0,97
2026-10-01T11:07:47+00:00,Tesla V100-DGXS-32GB,2,225,False,,distilbert,16,fp16,225.0,4096,1.6027783565223217,209.56276241703438,335.8826599350521,336.3009999990463,2555.5623354481922,0.08200260252320608,213.852,69.86075949367088,28.734177215189874,1529.7974683544303,877.0,79
2026-10-01T11:07:50+00:00,Tesla V100-DGXS-32GB,2,225,False,,distilbert,64,fp16,225.0,4096,1.076035413891077,224.10349084964972,241.14329253083804,243.2849999666214,3806.5661660598676,0.05887287415303663,238.566,92.83018867924528,46.39622641509434,1299.132075471698,877.0,53
2026-10-01T11:07:54+00:00,Tesla V100-DGXS-32GB,2,225,False,,resnet18,8,fp32,225.0,8192,3.361981127411127,219.02539944405362,736.3592593545918,738.1100000143051,2436.65853243745,0.08988760490168357,231.222,87.1556886227545,37.92814371257485,1517.940119760479,877.0,167
2026-10-01T11:07:59+00:00,Tesla V100-DGXS-32GB,2,225,False,,distilbert,128,fp32,225.0,4096,4.1869081519544125,224.24553593059971,938.895462427214,939.7549999952316,978.2875218048484,0.22922252500664406,235.9,99.88516746411483,28.72248803827751,1317.2344497607655,877.0,209
2026-10-01T11:08:06+00:00,Tesla V100-DGXS-32GB,2,225,False,,distilbert,128,fp16,225.0,4096,1.024888515472412,224.45757852479545,230.04399444080997,230.41899991035461,3996.5322453749905,0.05616308458027587,232.54,95.58,48.86,1261.04,877.0,50
2026-10-01T11:08:09+00:00,Tesla V100-DGXS-32GB,2,225,False,,distilbert,256,fp32,225.0,4096,4.158373191952705,224.06290397044344,931.7371731817655,931.6330000162125,985.0005785739937,0.22747489579632946,235.711,99.69082125603865,29.3719806763285,1308.193236714976,877.0,207
2026-10-01T11:08:17+00:00,Tesla V100-DGXS-32GB,0,250,False,,distilbert,16,fp32,250.0,4096,4.511748664081097,248.22228535667628,1119.916564353141,1121.0490000247955,907.8519893204708,0.27341712996902856,258.439,98.27555555555556,34.28,1378.7288888888888,877.0,225
2026-10-01T11:08:24+00:00,Tesla V100-DGXS-32GB,0,250,False,,resnet18,8,fp32,250.0,8192,3.3663848862051964,222.64385358698357,749.5049037217041,750.9730000495911,2433.4710013609124,0.09149229781759083,229.041,86.58333333333333,38.482142857142854,1526.047619047619,877.0,168
2026-10-01T11:08:29+00:00,Tesla V100-DGXS-32GB,0,250,False,,distilbert,32,fp16,250.0,4096,1.1213568672537804,247.7460957723549,277.81178582964293,278.27300000190735,3652.7176313024815,0.06782514302481517,254.998,89.94545454545455,44.38181818181818,1466.1454545454546,877.0,55
2026-10-01T11:08:33+00:00,Tesla V100-DGXS-32GB,0,250,False,,resnet18,64,fp16,250.0,8192,1.0537118464708328,244.27719470787966,257.397773886355,258.2940000295639,7774.421467725957,0.0314206266951117,252.12,88.76923076923077,53.38461538461539,1523.5384615384614,877.0,52
2026-10-01T11:08:36+00:00,Tesla V100-DGXS-32GB,0,250,False,,resnet18,64,fp32,250.0,8192,2.07019666954875,248.6688294087104,514.7933824624985,512.6949999332428,3957.1119596988083,0.06284098907012921,258.636,96.0,77.11650485436893,1517.0194174757282,877.0,103
2026-10-01T11:08:40+00:00,Tesla V100-DGXS-32GB,0,250,False,,resnet18,256,fp16,250.0,8192,0.9387896955013275,246.58914477935767,231.49534814134594,234.89000010490417,8726.129014044356,0.028258709489910393,256.903,95.52173913043478,64.23913043478261,1486.804347826087,877.0,46
2026-10-01T11:08:43+00:00,Tesla V100-DGXS-32GB,0,250,False,,distilbert,256,fp32,250.0,4096,3.9891432970762253,248.05500652779557,989.526966596555,992.0759999752045,1026.7868800306305,0.24158373207923706,264.02,99.71717171717172,30.626262626262626,1373.358585858586,877.0,198
2026-10-01T11:08:50+00:00,Tesla V100-DGXS-32GB,0,250,False,,distilbert,128,fp16,250.0,4096,0.9922007843852043,247.0102794604018,245.08379303181917,244.30000007152557,4128.196696133432,0.05983491040815898,257.673,95.89795918367346,50.775510204081634,1345.7142857142858,877.0,49
2026-10-01T11:08:54+00:00,Tesla V100-DGXS-32GB,0,250,False,,resnet18,256,fp32,250.0,8192,1.9185543917119503,247.4337902189098,474.7151848824228,473.8899999856949,4269.881550082182,0.05794863096709263,271.192,99.52631578947368,79.32631578947368,1476.0105263157895,877.0,95
2026-10-01T11:08:58+00:00,Tesla V100-DGXS-32GB,0,250,False,,resnet18,32,fp32,250.0,8192,2.148691453039646,248.76134173961958,534.5113688425952,533.7389999628067,3812.552978889169,0.06524796982941836,256.801,94.39622641509433,62.301886792452834,1503.632075471698,877.0,106
2026-10-01T11:09:02+00:00,Tesla V100-DGXS-32GB,0,250,False,,resnet18,16,fp32,250.0,8192,2.3478807657957077,248.02097993091022,582.3236882935873,581.3990000486374,3489.1039269720723,0.0710844346061508,256.275,94.42735042735043,57.73504273504273,1524.145299145299,877.0,117
2026-10-01T11:09:06+00:00,Tesla V100-DGXS-32GB,0,250,False,,distilbert,128,fp32,250.0,4096,4.025767769664526,248.18101595802761,999.119135086425,996.6999999284744,1017.4456735593883,0.24392557008945923,261.97,99.91044776119404,29.83084577114428,1378.5621890547263,877.0,201
2026-10-01T11:09:13+00:00,Tesla V100-DGXS-32GB,0,250,False,,resnet18,16,fp16,250.0,8192,1.925928045064211,173.42762713516763,334.0091308885583,333.4889999628067,4253.533781282507,0.04077259898541971,178.317,66.38541666666667,27.010416666666668,1529.0833333333333,877.0,96
2026-10-01T11:09:17+00:00,Tesla V100-DGXS-32GB,0,250,False,,distilbert,64,fp16,250.0,4096,1.0462816208600998,246.47694437172237,257.88429686189033,258.33000004291534,3914.815971471302,0.06296003341354744,256.763,92.94117647058823,48.03921568627451,1386.5098039215686,877.0,51
2026-10-01T11:09:20+00:00,Tesla V100-DGXS-32GB,0,250,False,,resnet18,32,fp16,250.0,8192,1.1796200051903725,230.16861463772386,271.51150239361266,272.42900002002716,6944.609250398341,0.033143493944532795,238.385,88.62068965517241,45.60344827586207,1521.7931034482758,877.0,58
2026-10-01T11:09:23+00:00,Tesla V100-DGXS-32GB,0,250,False,,distilbert,64,fp32,250.0,4096,4.237951844930649,248.66392811533365,1053.8257529240805,1053.8450000286102,966.5046111601176,0.2572816779599806,258.338,99.88625592417061,28.099526066350712,1363.4028436018957,877.0,211
2026-10-01T11:09:30+00:00,Tesla V100-DGXS-32GB,0,250,False,,resnet18,128,fp16,250.0,8192,0.9918445311486721,246.0645171250062,244.05774562017618,244.9280000925064,8259.358944604659,0.029792205275900412,254.079,90.95833333333333,59.604166666666664,1502.25,877.0,48
2026-10-01T11:09:33+00:00,Tesla V100-DGXS-32GB,0,250,False,,distilbert,256,fp16,250.0,4096,0.967244528234005,253.32972307805386,245.03178848628332,243.60399997234344,4234.709921263113,0.05982221398590901,261.979,98.83333333333333,52.291666666666664,1359.125,877.0,48
2026-10-01T11:09:36+00:00,Tesla V100-DGXS-32GB,0,250,False,,distilbert,16,fp16,250.0,4096,1.6001138165593147,208.34440215935922,333.374756497981,334.6640000343323,2559.817906458384,0.0813903214106399,215.431,70.25316455696202,28.670886075949365,1523.9746835443038,877.0,79
2026-10-01T11:09:40+00:00,Tesla V100-DGXS-32GB,0,250,False,,distilbert,32,fp32,250.0,4096,4.349958099424839,248.7214103663402,1081.9277135234306,1083.2050000429153,941.6182653671036,0.2641425081844313,257.326,99.09677419354838,28.419354838709676,1417.0967741935483,877.0,217
2026-10-01T11:09:47+00:00,Tesla V100-DGXS-32GB,0,250,False,,resnet18,128,fp32,250.0,8192,1.981535378843546,248.29092691469796,491.9972559273312,493.3680000305176,4134.167922240669,0.060058258780191796,265.596,96.68367346938776,78.55102040816327,1503.6020408163265,877.0,98
2026-10-01T11:09:51+00:00,Tesla V100-DGXS-32GB,0,250,False,,resnet18,8,fp16,250.0,8192,3.8481501266360283,125.72318356701909,483.80168476450916,483.0830000638962,2128.8150748841167,0.05905782284723012,127.626,44.484375,12.609375,1530.0,877.0,192
2026-10-01T11:09:57+00:00,Tesla V100-DGXS-32GB,0,250,False,,distilbert,8,fp16,250.0,4096,3.2039202749729156,147.08521236025544,471.2492940297193,470.71200001239777,1278.4338087297212,0.11505109717522444,149.391,43.2625,12.525,1530.0,877.0,160
2026-10-01T11:10:02+00:00,Tesla V100-DGXS-32GB,0,250,False,,distilbert,8,fp32,250.0,4096,5.007700122892857,249.1059927740608,1247.4481106280114,1246.444000005722,817.9403517544928,0.30455276138379184,264.029,97.816,32.588,1364.52,877.0,250
2026-10-01T11:10:09+00:00,Tesla V100-DGXS-32GB,1,250,False,,distilbert,32,fp32,250.0,4096,4.34757836163044,248.31287905396195,1079.5596998891615,1079.941999912262,942.1336797857987,0.2635643798557523,258.415,99.70967741935483,28.64516129032258,1417.2396313364056,877.0,217
2026-10-01T11:10:15+00:00,Tesla V100-DGXS-32GB,1,250,False,,resnet18,8,fp16,250.0,8192,3.846258334815502,125.01915306726053,480.8559594965259,480.42200005054474,2129.862137924481,0.05869823724322826,127.661,44.609375,12.640625,1528.125,877.0,192
2026-10-01T11:10:21+00:00,Tesla V100-DGXS-32GB,1,250,False,,distilbert,256,fp32,250.0,4096,3.9863556399941444,249.13149739390767,993.1267497363904,994.5060000419617,1027.5049117308602,0.24246258538486093,263.981,99.68181818181819,30.752525252525253,1373.919191919192,877.0,198
2026-10-01T11:10:29+00:00,Tesla V100-DGXS-32GB,1,250,False,,distilbert,16,fp32,250.0,4096,4.503772526979446,249.1448355996308,1122.091665812428,1122.6779999732971,909.459786315423,0.2739481605987373,261.244,98.58035714285714,34.517857142857146,1381.8214285714287,877.0,224
2026-10-01T11:10:35+00:00,Tesla V100-DGXS-32GB,1,250,False,,resnet18,64,fp32,250.0,8192,2.075125075876713,245.80334905834184,510.07269336544175,512.5110000371933,3947.71384878523,0.06226473307683615,256.908,95.84466019417475,77.36893203883496,1508.8155339805826,877.0,103
2026-10-01T11:10:39+00:00,Tesla V100-DGXS-32GB,1,250,False,,distilbert,8,fp32,250.0,4096,5.014610651880503,248.93216197293432,1248.297871025119,1248.6480000019073,816.8131654376757,0.30476022241824197,263.78,97.804,32.492,1361.952,877.0,250
2026-10-01T11:10:46+00:00,Tesla V100-DGXS-32GB,1,250,False,,resnet18,8,fp32,250.0,8192,3.3584983497858047,225.26565972843483,756.5543464613589,757.2400000095367,2439.1853580998372,0.09235282549577135,232.286,86.44311377245509,38.47305389221557,1527.5748502994013,877.0,167
2026-10-01T11:10:52+00:00,Tesla V100-DGXS-32GB,1,250,False,,resnet18,32,fp32,250.0,8192,2.1485492065548897,248.53646284979754,533.9928200558913,536.1619999408722,3812.805392125757,0.06518467041697892,258.095,94.26168224299066,62.308411214953274,1503.018691588785,877.0,107
2026-10-01T11:10:56+00:00,Tesla V100-DGXS-32GB,1,250,False,,distilbert,64,fp16,250.0,4096,1.0432613752782345,248.85507900498922,259.62089196771876,260.722000002861,3926.1493783450096,0.06338400682805634,256.635,92.90384615384616,48.09615384615385,1391.173076923077,877.0,52
2026-10-01T11:10:59+00:00,Tesla V100-DGXS-32GB,1,250,False,,resnet18,64,fp16,250.0,8192,1.0541097670793533,244.34558803617423,257.56707089167924,258.4960000514984,7771.486666609462,0.03144129283345694,251.408,88.38461538461539,53.11538461538461,1523.9423076923076,877.0,52
2026-10-01T11:11:02+00:00,Tesla V100-DGXS-32GB,1,250,False,,resnet18,128,fp32,250.0,8192,1.9862686395645142,247.86567452883958,492.32781614113884,494.41799998283386,4124.316236395939,0.06009861036879136,265.114,96.60606060606061,78.55555555555556,1506.3131313131314,877.0,99
2026-10-01T11:11:06+00:00,Tesla V100-DGXS-32GB,1,250,False,,distilbert,64,fp32,250.0,4096,4.240058057010174,248.65122407511566,1054.2956260251362,1054.5499999523163,966.0245083738889,0.25739639307254303,260.928,99.92417061611374,27.95260663507109,1361.9431279620853,877.0,211
2026-10-01T11:11:13+00:00,Tesla V100-DGXS-32GB,1,250,False,,distilbert,128,fp32,250.0,4096,4.016867112368345,248.6505017247092,998.7960228518729,998.9069999456406,1019.7001507438463,0.24384668526657052,262.258,99.92,29.895,1381.195,877.0,200
2026-10-01T11:11:20+00:00,Tesla V100-DGXS-32GB,1,250,False,,resnet18,128,fp16,250.0,8192,0.9925130270421505,243.0986225011992,241.27854968844227,240.13699996471405,8253.79594705521,0.029452947960014925,252.195,92.81632653061224,61.57142857142857,1506.8367346938776,877.0,49
2026-10-01T11:11:23+00:00,Tesla V100-DGXS-32GB,1,250,False,,resnet18,32,fp16,250.0,8192,1.1752027794718742,234.13460944311745,275.15564378811337,273.19599997997284,6970.711900189185,0.03358833542335368,239.101,88.62068965517241,45.43103448275862,1530.0,877.0,58
2026-10-01T11:11:26+00:00,Tesla V100-DGXS-32GB,1,250,False,,distilbert,8,fp16,250.0,4096,3.206260859966278,147.2413116532396,472.09405452387875,473.30999994277954,1277.5005462416054,0.11525733753024384,149.777,43.29375,12.5875,1530.0,877.0,160
2026-10-01T11:11:31+00:00,Tesla V100-DGXS-32GB,1,250,False,,resnet18,256,fp16,250.0,8192,0.9397311322391033,246.6841023142969,231.81673077320102,233.80299997329712,8717.387047166214,0.028297940768213015,257.283,95.06521739130434,63.97826086956522,1483.1521739130435,877.0,46
2026-10-01T11:11:34+00:00,Tesla V100-DGXS-32GB,1,250,False,,resnet18,16,fp16,250.0,8192,1.9308443777263165,173.42116208089757,334.84927578266536,333.4190000295639,4242.703396762905,0.04087515573518864,179.086,66.22916666666667,27.114583333333332,1525.625,877.0,96
2026-10-01T11:11:38+00:00,Tesla V100-DGXS-32GB,1,250,False,,distilbert,32,fp16,250.0,4096,1.1229458339512348,244.5654915753994,274.63379989283055,276.3600000143051,3647.5490412459853,0.06704926755196058,255.486,90.16363636363636,44.654545454545456,1468.1272727272728,877.0,55
2026-10-01T11:11:42+00:00,Tesla V100-DGXS-32GB,1,250,False,,distilbert,16,fp16,250.0,4096,1.5943498760461807,208.91529911866843,333.0840812539998,333.8600000143051,2569.072235360062,0.08131935577490229,215.145,70.44303797468355,28.746835443037973,1526.2025316455697,877.0,79
2026-10-01T11:11:45+00:00,Tesla V100-DGXS-32GB,1,250,False,,resnet18,256,fp32,250.0,8192,1.9139168113470078,246.25717277693647,471.31574289256343,473.56700003147125,4280.227829878614,0.05753366002106487,273.964,99.12631578947368,79.2421052631579,1476.8947368421052,877.0,95
2026-10-01T11:11:49+00:00,Tesla V100-DGXS-32GB,1,250,False,,distilbert,128,fp16,250.0,4096,0.9899444989860058,248.75572695091603,246.25436348632422,247.06700003147125,4137.605698294711,0.060120694210528375,255.583,95.79591836734694,50.89795918367347,1352.204081632653,877.0,49
2026-10-01T11:11:53+00:00,Tesla V100-DGXS-32GB,1,250,False,,resnet18,16,fp32,250.0,8192,2.3732763528823853,243.94151018655728,578.9406176121739,579.8969999551773,3451.76826544059,0.07067146211086107,256.047,94.54237288135593,57.652542372881356,1514.1864406779662,877.0,118
2026-10-01T11:11:57+00:00,Tesla V100-DGXS-32GB,1,250,False,,distilbert,256,fp16,250.0,4096,0.9728460311889648,248.94373497184142,242.18392455671344,239.0829999446869,4210.327090499685,0.059126934706228866,256.23,99.4375,52.395833333333336,1341.1458333333333,877.0,48
2026-10-01T11:12:00+00:00,Tesla V100-DGXS-32GB,2,250,False,,distilbert,32,fp32,250.0,4096,4.347341790795326,248.6498496020947,1080.965882450159,1081.944000005722,942.1849482073172,0.26390768614505833,258.503,99.51152073732719,28.433179723502302,1416.4884792626729,877.0,217
2026-10-01T11:12:07+00:00,Tesla V100-DGXS-32GB,2,250,False,,distilbert,8,fp32,250.0,4096,5.012733168900013,248.69070999243758,1246.6201707763857,1248.2690000534058,817.1190969055351,0.30435062763095355,259.993,97.864,32.56,1362.404,877.0,250
2026-10-01T11:12:14+00:00,Tesla V100-DGXS-32GB,2,250,False,,resnet18,32,fp16,250.0,8192,1.1847109384834766,226.6654488500582,268.5330366289309,269.5609999895096,6914.766913932951,0.03277991169786754,238.99,88.98305084745763,46.30508474576271,1517.0338983050847,877.0,59
2026-10-01T11:12:17+00:00,Tesla V100-DGXS-32GB,2,250,False,,distilbert,256,fp16,250.0,4096,0.971266645938158,249.0065519919707,241.85175856986694,241.35600006580353,4217.17354047881,0.05904583949459642,256.62,98.6875,52.104166666666664,1348.1041666666667,877.0,48
2026-10-01T11:12:21+00:00,Tesla V100-DGXS-32GB,2,250,False,,resnet18,128,fp32,250.0,8192,1.9871120788156986,248.43376370083243,493.66573263556916,494.94400000572205,4122.565650590962,0.060261930253365376,261.098,96.73737373737374,78.76767676767676,1504.5050505050506,877.0,99
2026-10-01T11:12:25+00:00,Tesla V100-DGXS-32GB,2,250,False,,resnet18,32,fp32,250.0,8192,2.1480000391602516,249.11388827418472,535.0966417683113,534.0210000276566,3813.7801911784954,0.06531941427835831,258.035,94.54205607476635,62.4392523364486,1504.2242990654206,877.0,107
2026-10-01T11:12:29+00:00,Tesla V100-DGXS-32GB,2,250,False,,resnet18,64,fp32,250.0,8192,2.069366816431284,248.8674797410437,514.9981042650006,513.7549999952316,3958.6988323933174,0.06286597952453621,255.949,96.66990291262135,77.60194174757281,1516.893203883495,877.0,103
2026-10-01T11:12:33+00:00,Tesla V100-DGXS-32GB,2,250,False,,resnet18,16,fp32,250.0,8192,2.346530370414257,247.5344114793382,580.8470142588866,581.305999994278,3491.111857441582,0.07090417654527424,257.1,94.11965811965813,57.53846153846154,1526.7521367521367,877.0,117
2026-10-01T11:12:37+00:00,Tesla V100-DGXS-32GB,2,250,False,,distilbert,64,fp32,250.0,4096,4.237885698676109,248.51909865195879,1053.1955340250133,1055.6310000419617,966.519696668451,0.2571278159240755,261.106,99.69668246445498,28.0521327014218,1363.6587677725117,877.0,211
2026-10-01T11:12:44+00:00,Tesla V100-DGXS-32GB,2,250,False,,distilbert,16,fp32,250.0,4096,4.510127104818821,249.31112129042194,1124.4248456647047,1121.7680000066757,908.1783960420208,0.27451778458610954,259.051,98.4,34.346666666666664,1379.2977777777778,877.0,225
2026-10-01T11:12:51+00:00,Tesla V100-DGXS-32GB,2,250,False,,resnet18,128,fp16,250.0,8192,0.9937022998929024,243.61030588608168,242.0761212366128,243.125,8243.917721517706,0.02955030776814121,255.224,92.81632653061224,61.714285714285715,1501.8367346938776,877.0,49
2026-10-01T11:12:54+00:00,Tesla V100-DGXS-32GB,2,250,False,,resnet18,16,fp16,250.0,8192,1.9269028194248676,173.5802117531361,334.4721994234835,333.76900005340576,4251.382019589918,0.04082912590618695,178.621,66.70833333333333,27.114583333333332,1529.25,877.0,96
2026-10-01T11:12:58+00:00,Tesla V100-DGXS-32GB,2,250,False,,resnet18,8,fp16,250.0,8192,3.8372675627470016,126.43239749041665,485.1549377703112,485.41100001335144,2134.8524349799463,0.059223014864539944,128.296,44.481675392670155,12.6282722513089,1530.0,877.0,191
2026-10-01T11:13:04+00:00,Tesla V100-DGXS-32GB,2,250,False,,distilbert,8,fp16,250.0,4096,3.2059528902173042,147.0664060216775,471.48796943906854,471.58899998664856,1277.6232653008096,0.11510936753883509,149.314,43.05,12.525,1530.0,877.0,160
2026-10-01T11:13:09+00:00,Tesla V100-DGXS-32GB,2,250,False,,resnet18,256,fp16,250.0,8192,0.9382059276103973,248.2370395916642,232.89746199735623,233.9759999513626,8731.558561844686,0.02842986596647415,255.857,99.30434782608695,67.08695652173913,1493.2608695652175,877.0,46
2026-10-01T11:13:12+00:00,Tesla V100-DGXS-32GB,2,250,False,,distilbert,32,fp16,250.0,4096,1.1202519536018372,248.30849198504603,278.16807324217393,278.72500002384186,3656.320336537267,0.06791212725639012,258.16,90.01818181818182,44.30909090909091,1466.581818181818,877.0,55
2026-10-01T11:13:15+00:00,Tesla V100-DGXS-32GB,2,250,False,,resnet18,64,fp16,250.0,8192,1.0522439740598202,246.126858894133,258.9855041256231,260.3420000076294,7785.2667270625625,0.03161444142158485,252.169,89.23076923076923,53.53846153846154,1528.7692307692307,877.0,52
2026-10-01T11:13:18+00:00,Tesla V100-DGXS-32GB,2,250,False,,resnet18,256,fp32,250.0,8192,1.9204852506518364,241.70500319067636,464.190893636449,466.55799996852875,4265.58860434858,0.05666392744585559,270.851,99.32631578947368,79.03157894736842,1458.4736842105262,877.0,95
2026-10-01T11:13:23+00:00,Tesla V100-DGXS-32GB,2,250,False,,distilbert,16,fp16,250.0,4096,1.6019898690283298,209.08076740412494,334.9452711900768,336.3220000267029,2556.820164215137,0.08177374784913985,214.309,69.63291139240506,28.60759493670886,1529.0886075949368,877.0,79
2026-10-01T11:13:26+00:00,Tesla V100-DGXS-32GB,2,250,False,,distilbert,64,fp16,250.0,4096,1.0416766703128815,248.21187919266717,258.5565238495207,260.0830000638962,3932.1222378626485,0.0631241513304494,257.001,91.6078431372549,47.705882352941174,1395.0196078431372,877.0,51
2026-10-01T11:13:29+00:00,Tesla V100-DGXS-32GB,2,250,False,,resnet18,8,fp32,250.0,8192,3.358717419207096,223.7815229643013,751.6188992768916,753.1510000228882,2439.0262643571587,0.09175035391563618,231.849,86.7065868263473,37.73053892215569,1525.4071856287426,877.0,167
2026-10-01T11:13:35+00:00,Tesla V100-DGXS-32GB,2,250,False,,distilbert,128,fp32,250.0,4096,4.00760131329298,249.8294578953744,1001.2168635607757,998.3009999990463,1022.0577547007499,0.2444377108302675,263.306,99.84,30.01,1385.95,877.0,200
2026-10-01T11:13:41+00:00,Tesla V100-DGXS-32GB,2,250,False,,distilbert,128,fp16,250.0,4096,0.9906698986887932,247.73146297004402,245.42010332256004,245.34700000286102,4134.57601308093,0.059917017412734384,253.569,98.5,52.5,1354.6041666666667,877.0,48
2026-10-01T11:13:45+00:00,Tesla V100-DGXS-32GB,2,250,False,,distilbert,256,fp32,250.0,4096,3.9851403795182705,249.09390875161964,992.6741940581189,993.0650000572205,1027.8182472696558,0.24235209815872044,264.361,99.68181818181819,30.69191919191919,1374.7575757575758,877.0,198
2026-10-01T11:13:53+00:00,Tesla V100-DGXS-32GB,0,275,False,,distilbert,16,fp32,275.0,4096,4.367459747940302,271.2852124625296,1184.827245641531,1185.7120000123978,937.8449342164349,0.2892644642679519,281.749,98.31192660550458,35.944954128440365,1454.5642201834862,877.0,218
2026-10-01T11:13:59+00:00,Tesla V100-DGXS-32GB,0,275,False,,resnet18,8,fp32,275.0,8192,3.3998779952526093,224.10319834631568,761.9235327233696,765.682000041008,2409.4982265360195,0.0930082437406457,234.748,84.98224852071006,37.544378698224854,1527.5443786982248,877.0,169
2026-10-01T11:14:05+00:00,Tesla V100-DGXS-32GB,0,275,False,,distilbert,32,fp16,275.0,4096,1.1007455885410309,267.8723174467949,294.8592717218221,295.46399998664856,3721.114163563436,0.07198712688521047,271.681,89.42592592592592,45.333333333333336,1529.2592592592594,877.0,54
2026-10-01T11:14:08+00:00,Tesla V100-DGXS-32GB,0,275,False,,resnet18,64,fp16,275.0,8192,1.0519100949168205,248.1646532158987,261.0469039193359,261.8880000114441,7787.737792028491,0.031866077138590805,250.692,88.61538461538461,53.23076923076923,1530.0,877.0,52
2026-10-01T11:14:11+00:00,Tesla V100-DGXS-32GB,0,275,False,,resnet18,64,fp32,275.0,8192,2.0644141733646393,259.4874985013403,535.6896697171026,534.8690000772476,3968.1959684710223,0.0653918053853885,265.025,96.46601941747574,77.6504854368932,1530.0,877.0,103
2026-10-01T11:14:15+00:00,Tesla V100-DGXS-32GB,0,275,False,,resnet18,256,fp16,275.0,8192,0.9301902651786804,263.0524053510297,244.68878668936404,245.48599994182587,8806.80040058944,0.02986923665641651,267.847,96.30434782608695,65.91304347826087,1530.0,877.0,46
2026-10-01T11:14:18+00:00,Tesla V100-DGXS-32GB,0,275,False,,distilbert,256,fp32,275.0,4096,3.8513656072318554,272.77373957704077,1050.5513991630337,1052.3999999761581,1063.5188703738709,0.2564822751862875,293.866,99.859375,31.765625,1431.4739583333333,877.0,192
2026-10-01T11:14:25+00:00,Tesla V100-DGXS-32GB,0,275,False,,distilbert,128,fp16,275.0,4096,0.9670041613280773,269.288276412417,260.4028838876728,261.93499994277954,4235.762537334462,0.06357492282413886,278.696,96.9375,53.791666666666664,1460.375,877.0,48
2026-10-01T11:14:28+00:00,Tesla V100-DGXS-32GB,0,275,False,,resnet18,256,fp32,275.0,8192,1.905145525932312,263.93841146816015,502.84108373024696,502.38300001621246,4299.933988502595,0.06138196822878991,287.377,99.83157894736843,80.5578947368421,1523.3894736842105,877.0,95
2026-10-01T11:14:33+00:00,Tesla V100-DGXS-32GB,0,275,False,,resnet18,32,fp32,275.0,8192,2.133120983839035,260.5467977028045,555.7778414519164,556.7279999256134,3840.382267140159,0.06784397478661089,264.064,94.26415094339623,63.15094339622642,1530.0,877.0,106
2026-10-01T11:14:37+00:00,Tesla V100-DGXS-32GB,0,275,False,,resnet18,16,fp32,275.0,8192,2.34165520593524,253.55862033302483,593.7468633125845,594.7229999303818,3498.3801113145414,0.07247886515046198,257.097,94.25862068965517,57.577586206896555,1530.0,877.0,116
2026-10-01T11:14:41+00:00,Tesla V100-DGXS-32GB,0,275,False,,distilbert,128,fp32,275.0,4096,3.8765732906758785,273.6927867762065,1060.9901470672903,1061.222000002861,1056.6032660473354,0.2590307976238502,283.79,99.84455958549223,30.797927461139896,1442.8704663212436,877.0,193
2026-10-01T11:14:48+00:00,Tesla V100-DGXS-32GB,0,275,False,,resnet18,16,fp16,275.0,8192,1.9084432497620583,174.1240816063322,332.3059281626225,331.4280000925064,4292.503851514246,0.04056468849641388,179.352,67.06315789473685,27.526315789473685,1526.6842105263158,877.0,95
2026-10-01T11:14:52+00:00,Tesla V100-DGXS-32GB,0,275,False,,distilbert,64,fp16,275.0,4096,1.0208776853978634,270.3230082939623,275.9667270169276,278.0900000333786,4012.233844061034,0.0673746892131171,277.781,91.32,49.46,1481.96,877.0,50
2026-10-01T11:14:55+00:00,Tesla V100-DGXS-32GB,0,275,False,,resnet18,32,fp16,275.0,8192,1.178748868405819,231.9703235371927,273.4347563731976,277.414999961853,6949.741560370825,0.0333782661588376,239.353,88.14035087719299,45.29824561403509,1524.0350877192982,877.0,57
2026-10-01T11:14:58+00:00,Tesla V100-DGXS-32GB,0,275,False,,distilbert,64,fp32,275.0,4096,4.098190449178219,273.37203352054684,1120.3306568463329,1120.9400000572205,999.4655082028562,0.27351822676912424,284.704,99.86764705882354,29.225490196078432,1436.563725490196,877.0,204
2026-10-01T11:15:05+00:00,Tesla V100-DGXS-32GB,0,275,False,,resnet18,128,fp16,275.0,8192,0.9858465977013111,254.03896619660685,250.44345050848324,249.9340000152588,8309.609242554781,0.030571710267148833,261.394,92.20408163265306,61.0,1528.1224489795918,877.0,49
2026-10-01T11:15:08+00:00,Tesla V100-DGXS-32GB,0,275,False,,distilbert,256,fp16,275.0,4096,0.950108241289854,270.37299063792955,256.88360662728144,257.7080000638962,4311.0877497908305,0.06271572427423863,278.389,98.6304347826087,53.69565217391305,1430.7173913043478,877.0,46
2026-10-01T11:15:11+00:00,Tesla V100-DGXS-32GB,0,275,False,,distilbert,16,fp16,275.0,4096,1.5787225887179375,210.6984948997997,332.6344733071849,331.152999997139,2594.5026879778256,0.08120958820976194,216.695,70.76923076923077,28.78205128205128,1527.3076923076924,877.0,78
2026-10-01T11:15:15+00:00,Tesla V100-DGXS-32GB,0,275,False,,distilbert,32,fp32,275.0,4096,4.222301062196493,272.4320078475154,1150.2899561108877,1151.1970000267029,970.0871490838719,0.2808325088161347,279.555,99.03333333333333,29.552380952380954,1488.604761904762,877.0,210
2026-10-01T11:15:21+00:00,Tesla V100-DGXS-32GB,0,275,False,,resnet18,128,fp32,275.0,8192,1.9687801599502563,261.9804834916907,515.7819781926163,514.4939999580383,4160.952129976249,0.06296166725984086,274.627,97.07142857142857,79.63265306122449,1530.0,877.0,98
2026-10-01T11:15:25+00:00,Tesla V100-DGXS-32GB,0,275,False,,resnet18,8,fp16,275.0,8192,3.733896229416132,127.92258373047278,477.64965304838177,477.8439999818802,2193.954919117016,0.05830684241313254,130.115,45.344086021505376,12.591397849462366,1530.0,877.0,186
2026-10-01T11:15:31+00:00,Tesla V100-DGXS-32GB,0,275,False,,distilbert,8,fp16,275.0,4096,3.098598014563322,149.8219276446618,464.2379275377988,465.46799993515015,1321.8881509472726,0.1133393377777829,152.839,44.116883116883116,13.448051948051948,1530.0,877.0,154
2026-10-01T11:15:36+00:00,Tesla V100-DGXS-32GB,0,275,False,,distilbert,8,fp32,275.0,4096,4.83997418731451,271.01951352659734,1311.727449727267,1313.2300000190735,846.2855051449543,0.32024595940607103,277.502,97.64730290456431,34.47302904564315,1457.319502074689,877.0,241
2026-10-01T11:15:43+00:00,Tesla V100-DGXS-32GB,1,275,False,,distilbert,32,fp32,275.0,4096,4.227950863540173,270.09239773421325,1141.9373862360026,1142.5429999828339,968.7908237822597,0.27879330718652406,279.324,99.05687203791469,29.53080568720379,1483.516587677725,877.0,211
2026-10-01T11:15:49+00:00,Tesla V100-DGXS-32GB,1,275,False,,resnet18,8,fp16,275.0,8192,3.724968820810318,127.16771696271877,473.6957806997588,473.71799993515015,2199.2130388404,0.05782419197995103,130.65,45.637837837837836,12.621621621621621,1526.2756756756758,877.0,185
2026-10-01T11:15:55+00:00,Tesla V100-DGXS-32GB,1,275,False,,distilbert,256,fp32,275.0,4096,3.8536125980317593,273.1792968852742,1052.7271799985508,1056.9219999313354,1062.898746514385,0.2570134716793337,287.956,99.91666666666667,31.776041666666668,1429.3541666666667,877.0,192
2026-10-01T11:16:02+00:00,Tesla V100-DGXS-32GB,1,275,False,,distilbert,16,fp32,275.0,4096,4.354965332895517,273.4744530268469,1190.971762364482,1192.2109999656677,940.5356155330547,0.2907645904210161,280.892,98.3410138248848,36.0184331797235,1458.7142857142858,877.0,217
2026-10-01T11:16:09+00:00,Tesla V100-DGXS-32GB,1,275,False,,resnet18,64,fp32,275.0,8192,2.0647084303200245,256.4110267715147,529.4140086021598,529.6269999742508,3967.630431348731,0.06462573347194334,264.612,96.37254901960785,77.61764705882354,1528.8235294117646,877.0,102
2026-10-01T11:16:13+00:00,Tesla V100-DGXS-32GB,1,275,False,,distilbert,8,fp32,275.0,4096,4.831346955150366,272.48904660905373,1316.489125646478,1317.3519999980927,847.796698937868,0.32140847794103466,278.06,97.70954356846472,34.96680497925311,1467.5933609958506,877.0,241
2026-10-01T11:16:20+00:00,Tesla V100-DGXS-32GB,1,275,False,,resnet18,8,fp32,275.0,8192,3.2818925119936466,228.63003656215804,750.3392050101801,751.7130000591278,2496.120750470166,0.09159414123659425,235.144,88.08588957055214,38.852760736196316,1528.7300613496932,877.0,163
2026-10-01T11:16:25+00:00,Tesla V100-DGXS-32GB,1,275,False,,resnet18,32,fp32,275.0,8192,2.132968954741955,261.4295780267232,557.6211737822902,558.1949999332428,3840.65599350979,0.06806899094022097,265.922,94.4622641509434,63.35849056603774,1530.0,877.0,106
2026-10-01T11:16:29+00:00,Tesla V100-DGXS-32GB,1,275,False,,distilbert,64,fp16,275.0,4096,1.0185825675725937,270.1199048000572,275.13942618370686,277.82599997520447,4021.2743967936412,0.06717271147063156,280.071,92.16,49.98,1489.72,877.0,50
2026-10-01T11:16:32+00:00,Tesla V100-DGXS-32GB,1,275,False,,resnet18,64,fp16,275.0,8192,1.0542381182312965,244.12342839802517,257.3642237705067,258.0660001039505,7770.540505349761,0.031416531221985684,250.831,89.88461538461539,54.17307692307692,1525.923076923077,877.0,52
2026-10-01T11:16:35+00:00,Tesla V100-DGXS-32GB,1,275,False,,resnet18,128,fp32,275.0,8192,1.9774837233126163,261.22420363728463,516.5666108280307,517.7469999790192,4142.638396171994,0.06305744761084359,275.155,96.93877551020408,79.31632653061224,1530.0,877.0,98
2026-10-01T11:16:40+00:00,Tesla V100-DGXS-32GB,1,275,False,,distilbert,64,fp32,275.0,4096,4.0989036820828915,273.18312941072725,1119.751335024557,1123.9919999837875,999.291595434266,0.27337679077747973,283.123,98.90196078431373,28.84313725490196,1435.8529411764705,877.0,204
2026-10-01T11:16:46+00:00,Tesla V100-DGXS-32GB,1,275,False,,distilbert,128,fp32,275.0,4096,3.8834381625056267,273.46588285627837,1061.9878456273645,1058.1349999904633,1054.735476296918,0.2592743763738683,288.618,99.79381443298969,30.850515463917525,1439.6340206185566,877.0,194
2026-10-01T11:16:53+00:00,Tesla V100-DGXS-32GB,1,275,False,,resnet18,128,fp16,275.0,8192,0.9857553653419018,254.2510767727074,250.6293630726521,252.0,8310.378302793884,0.0305944046719546,259.95,91.91836734693878,60.89795918367347,1529.8367346938776,877.0,49
2026-10-01T11:16:56+00:00,Tesla V100-DGXS-32GB,1,275,False,,resnet18,32,fp16,275.0,8192,1.1764670461416245,232.53408028823978,273.5686825639648,274.9819999933243,6963.220964723765,0.03339461457079648,238.399,88.17241379310344,45.327586206896555,1530.0,877.0,58
2026-10-01T11:16:59+00:00,Tesla V100-DGXS-32GB,1,275,False,,distilbert,8,fp16,275.0,4096,3.09517777338624,150.11423400328854,464.6302405558796,464.6640000343323,1323.3488671375483,0.11343511732321279,153.393,44.16883116883117,13.467532467532468,1530.0,877.0,154
2026-10-01T11:17:04+00:00,Tesla V100-DGXS-32GB,1,275,False,,resnet18,256,fp16,275.0,8192,0.9304394945502281,262.7142249603908,244.43969068330097,245.55400002002716,8804.441393537352,0.029838829429113888,268.816,99.47826086956522,68.02173913043478,1530.0,877.0,46
2026-10-01T11:17:07+00:00,Tesla V100-DGXS-32GB,1,275,False,,resnet18,16,fp16,275.0,8192,1.8698501661419868,178.1136533993733,333.04584440097443,333.4499999284744,4381.099698968041,0.040655010302853324,181.652,68.88172043010752,27.978494623655912,1530.0,877.0,93
2026-10-01T11:17:11+00:00,Tesla V100-DGXS-32GB,1,275,False,,distilbert,32,fp16,275.0,4096,1.101839143782854,268.7326512036885,296.1001543087685,297.68099999427795,3717.4210256658143,0.07229007673553918,272.047,89.48148148148148,45.629629629629626,1530.0,877.0,54
2026-10-01T11:17:14+00:00,Tesla V100-DGXS-32GB,1,275,False,,distilbert,16,fp16,275.0,4096,1.542185690253973,216.7633648817714,334.2893594919684,334.85799992084503,2655.9706952834294,0.08161361315721885,220.715,71.92105263157895,29.36842105263158,1530.0,877.0,76
2026-10-01T11:17:18+00:00,Tesla V100-DGXS-32GB,1,275,False,,resnet18,256,fp32,275.0,8192,1.9000825434923172,263.8579907368659,501.35196216007637,501.78799998760223,4311.391643514209,0.0612001906933687,284.843,99.65957446808511,80.30851063829788,1523.1702127659576,877.0,94
2026-10-01T11:17:22+00:00,Tesla V100-DGXS-32GB,1,275,False,,distilbert,128,fp16,275.0,4096,0.9682983867824078,270.5246280653305,261.94856094057036,265.45100009441376,4230.101026617157,0.06395228538588144,276.55,94.8936170212766,52.38297872340426,1449.595744680851,877.0,47
2026-10-01T11:17:25+00:00,Tesla V100-DGXS-32GB,1,275,False,,resnet18,16,fp32,275.0,8192,2.3616874031722546,249.89750324929494,590.1797855080574,590.9340000152588,3468.7063110030485,0.07204343084815154,256.532,94.11965811965813,57.46153846153846,1525.7435897435898,877.0,117
2026-10-01T11:17:30+00:00,Tesla V100-DGXS-32GB,1,275,False,,distilbert,256,fp16,275.0,4096,0.9503063224256039,270.49269411728005,257.0509173895862,257.52300000190735,4310.18914989978,0.06275657162831694,279.547,98.80851063829788,53.93617021276596,1433.5744680851064,877.0,47
2026-10-01T11:17:33+00:00,Tesla V100-DGXS-32GB,2,275,False,,distilbert,32,fp32,275.0,4096,4.224161926656961,272.4930445981856,1151.0547442704928,1151.597000002861,969.6597978765483,0.2810192246754133,281.874,99.51904761904763,29.642857142857142,1485.347619047619,877.0,210
2026-10-01T11:17:39+00:00,Tesla V100-DGXS-32GB,2,275,False,,distilbert,8,fp32,275.0,4096,4.835290975868702,272.41315652356263,1317.1968774462907,1317.726000070572,847.1051732856921,0.3215812689077858,278.78,97.66804979253112,34.481327800829874,1462.7427385892115,877.0,241
2026-10-01T11:17:46+00:00,Tesla V100-DGXS-32GB,2,275,False,,resnet18,32,fp16,275.0,8192,1.1810420453548431,229.27986466687668,270.78916032484966,271.7189999818802,6936.247555470153,0.033055317422467,239.466,89.51724137931035,46.293103448275865,1523.5344827586207,877.0,58
2026-10-01T11:17:49+00:00,Tesla V100-DGXS-32GB,2,275,False,,distilbert,256,fp16,275.0,4096,0.9537449106574059,266.8534676110595,254.51013662532887,256.0499999523163,4294.649391289199,0.06213626382454318,278.252,99.61702127659575,54.06382978723404,1420.8085106382978,877.0,47
2026-10-01T11:17:53+00:00,Tesla V100-DGXS-32GB,2,275,False,,resnet18,128,fp32,275.0,8192,1.9781895466148853,259.3024422410808,512.9493806530162,514.1629999876022,4141.16029175177,0.06261589119299514,273.308,97.28571428571429,79.64285714285714,1529.3877551020407,877.0,98
2026-10-01T11:17:57+00:00,Tesla V100-DGXS-32GB,2,275,False,,resnet18,32,fp32,275.0,8192,2.1338809244334698,260.26849530650645,555.3819773655562,556.1389999389648,3839.01458895834,0.06779565153388137,264.78,94.79245283018868,63.471698113207545,1530.0,877.0,106
2026-10-01T11:18:01+00:00,Tesla V100-DGXS-32GB,2,275,False,,resnet18,64,fp32,275.0,8192,2.0655294843018055,257.7966928899946,532.4866701197814,533.9729999303818,3966.0532867043903,0.06500081422360612,265.568,96.57281553398059,77.88349514563107,1530.0,877.0,103
2026-10-01T11:18:05+00:00,Tesla V100-DGXS-32GB,2,275,False,,resnet18,16,fp32,275.0,8192,2.3417322672903538,252.9695540095694,592.3869672662586,594.0059999227524,3498.264987175097,0.07231286221511946,256.372,94.16379310344827,57.543103448275865,1530.0,877.0,116
2026-10-01T11:18:10+00:00,Tesla V100-DGXS-32GB,2,275,False,,distilbert,64,fp32,275.0,4096,4.1008718349039555,273.74536110738666,1122.5946413008946,1124.0720000267029,998.8120002038372,0.27407095734885123,285.151,99.82352941176471,29.102941176470587,1433.6960784313726,877.0,204
2026-10-01T11:18:16+00:00,Tesla V100-DGXS-32GB,2,275,False,,distilbert,16,fp32,275.0,4096,4.355006158351898,273.2652072690931,1190.0716605202083,1190.891000032425,940.5267986004603,0.2905448389941915,281.706,98.10599078341014,35.91705069124424,1460.032258064516,877.0,217
2026-10-01T11:18:22+00:00,Tesla V100-DGXS-32GB,2,275,False,,resnet18,128,fp16,275.0,8192,0.9861683994531631,253.68795209523645,250.17904167831006,249.57699990272522,8306.897690640379,0.030539433798621833,262.01,92.3265306122449,61.3469387755102,1527.2244897959183,877.0,49
2026-10-01T11:18:25+00:00,Tesla V100-DGXS-32GB,2,275,False,,resnet18,16,fp16,275.0,8192,1.9078937396407127,175.91979304511494,335.6362718296646,335.08700001239777,4293.740175248275,0.04097122458858211,179.77,66.88421052631578,27.33684210526316,1530.0,877.0,95
2026-10-01T11:18:29+00:00,Tesla V100-DGXS-32GB,2,275,False,,resnet18,8,fp16,275.0,8192,3.8096008971333504,127.0100746717208,483.8576944143614,484.1050000190735,2150.3564864666846,0.0590646599626906,128.853,44.36842105263158,12.573684210526316,1530.0,877.0,190
2026-10-01T11:18:35+00:00,Tesla V100-DGXS-32GB,2,275,False,,distilbert,8,fp16,275.0,4096,3.180445473641157,147.85700153237943,470.2511312698098,470.5499999523163,1287.86990185707,0.1148074050951684,150.348,43.348101265822784,12.556962025316455,1530.0,877.0,158
2026-10-01T11:18:41+00:00,Tesla V100-DGXS-32GB,2,275,False,,resnet18,256,fp16,275.0,8192,0.9304667264223099,262.614418849568,244.35397861825487,242.38199996948242,8804.183714874622,0.02982836653054869,269.371,95.43478260869566,65.0,1530.0,877.0,46
2026-10-01T11:18:44+00:00,Tesla V100-DGXS-32GB,2,275,False,,distilbert,32,fp16,275.0,4096,1.1007644645869732,267.9503112720815,294.9501809233256,296.2649999856949,3721.050353434959,0.07200932151448379,271.911,89.25925925925925,45.51851851851852,1530.0,877.0,54
2026-10-01T11:18:47+00:00,Tesla V100-DGXS-32GB,2,275,False,,resnet18,64,fp16,275.0,8192,1.0520934835076332,246.82658146691617,259.68463791780846,260.51599991321564,7786.380324957659,0.03169978490207623,250.893,88.25,53.11538461538461,1530.0,877.0,52
2026-10-01T11:18:50+00:00,Tesla V100-DGXS-32GB,2,275,False,,resnet18,256,fp32,275.0,8192,1.9003654681146145,262.870888038329,499.5507582006635,501.24899995326996,4310.7497675841405,0.06098031716316693,287.525,99.7127659574468,80.30851063829788,1523.8297872340424,877.0,94
2026-10-01T11:18:54+00:00,Tesla V100-DGXS-32GB,2,275,False,,distilbert,16,fp16,275.0,4096,1.5885807648301125,212.54527081759736,337.6453288764422,335.7440000772476,2578.4021125536156,0.08243294162022514,215.742,70.13924050632912,28.670886075949365,1530.0,877.0,79
2026-10-01T11:18:58+00:00,Tesla V100-DGXS-32GB,2,275,False,,distilbert,64,fp16,275.0,4096,1.0198513753712177,267.89291636330745,273.2109592053257,275.7829999923706,4016.271487116531,0.06670189433723772,276.499,92.24,49.82,1486.4,877.0,50
2026-10-01T11:19:01+00:00,Tesla V100-DGXS-32GB,2,275,False,,resnet18,8,fp32,275.0,8192,3.3290236219763756,225.71664470482006,751.4160420955948,750.4090000391006,2460.7815774934547,0.09172559107612241,235.437,87.09638554216868,38.265060240963855,1528.55421686747,877.0,166
2026-10-01T11:19:06+00:00,Tesla V100-DGXS-32GB,2,275,False,,distilbert,128,fp32,275.0,4096,3.880954969674349,272.5882275320191,1057.9026363151117,1063.973000049591,1055.4103389516256,0.2582770108191191,286.037,99.70984455958549,30.76683937823834,1440.699481865285,877.0,193
2026-10-01T11:19:13+00:00,Tesla V100-DGXS-32GB,2,275,False,,distilbert,128,fp16,275.0,4096,0.9692305698990822,267.9040812262338,259.6608253251926,262.5260000228882,4226.032615156249,0.06339375618290835,274.969,98.5,54.479166666666664,1444.2083333333333,877.0,48
2026-10-01T11:19:16+00:00,Tesla V100-DGXS-32GB,2,275,False,,distilbert,256,fp32,275.0,4096,3.847271889448166,272.4805255129906,1048.3066662281924,1048.8149999380112,1064.6505154039191,0.2559342446846173,286.329,99.90625,31.666666666666668,1432.859375,877.0,192
2026-10-01T11:19:24+00:00,Tesla V100-DGXS-32GB,0,300,False,,distilbert,16,fp32,300.0,4096,4.294136792421341,287.1908664458446,1233.2368660524648,1230.6349999904633,953.8587609106842,0.30108321925109005,294.058,97.99532710280374,36.35514018691589,1499.7757009345794,877.0,214
2026-10-01T11:19:30+00:00,Tesla V100-DGXS-32GB,0,300,False,,resnet18,8,fp32,300.0,8192,3.3577735163271427,226.4562498052032,760.388798202675,757.8109999895096,2439.711898425095,0.09282089821809998,235.098,86.33532934131736,38.0059880239521,1529.5209580838323,877.0,167
2026-10-01T11:19:36+00:00,Tesla V100-DGXS-32GB,0,300,False,,distilbert,32,fp16,300.0,4096,1.100384682416916,269.65573521322733,296.72504055450713,297.4249999523163,3722.3346212012243,0.07244263685412772,273.004,89.07407407407408,45.01851851851852,1530.0,877.0,54
2026-10-01T11:19:39+00:00,Tesla V100-DGXS-32GB,0,300,False,,resnet18,64,fp16,300.0,8192,1.0515931770205498,248.22456196786177,261.0312557343181,261.9959999322891,7790.084777090481,0.03186416695975563,252.017,88.76923076923077,53.38461538461539,1530.0,877.0,52
2026-10-01T11:19:42+00:00,Tesla V100-DGXS-32GB,0,300,False,,resnet18,64,fp32,300.0,8192,2.0636294074356556,259.3753525803417,535.2546051487848,535.8669999837875,3969.705011220833,0.06533869691757627,266.148,96.40776699029126,77.81553398058253,1530.0,877.0,103
2026-10-01T11:19:46+00:00,Tesla V100-DGXS-32GB,0,300,False,,resnet18,256,fp16,300.0,8192,0.9302898421883583,262.72740629618994,244.41263734183926,242.68599998950958,8805.857732176919,0.029835527019267487,269.563,96.91304347826087,66.30434782608695,1530.0,877.0,46
2026-10-01T11:19:49+00:00,Tesla V100-DGXS-32GB,0,300,False,,distilbert,256,fp32,300.0,4096,3.7831283919513226,290.0608012567168,1097.3372526264352,1097.5460000038147,1082.7018212530977,0.2679046026920008,303.31,99.8563829787234,32.96808510638298,1490.4521276595744,877.0,188
2026-10-01T11:19:56+00:00,Tesla V100-DGXS-32GB,0,300,False,,distilbert,128,fp16,300.0,4096,0.9630657657980919,277.15321379003683,266.9167720821041,268.9130001068115,4253.084415897234,0.06516522755910745,286.744,96.87234042553192,54.234042553191486,1479.4255319148936,877.0,47
2026-10-01T11:19:59+00:00,Tesla V100-DGXS-32GB,0,300,False,,resnet18,256,fp32,300.0,8192,1.9041319452226162,267.8966766249415,510.11061998052406,510.538999915123,4302.2228688265905,0.062269362790591316,287.185,99.83157894736843,80.38947368421053,1526.4842105263158,877.0,95
2026-10-01T11:20:04+00:00,Tesla V100-DGXS-32GB,0,300,False,,resnet18,32,fp32,300.0,8192,2.133384834975004,260.7706353763183,556.3241189186338,557.232999920845,3839.907299282917,0.06791065904768478,265.493,94.79245283018868,63.43396226415094,1530.0,877.0,106
2026-10-01T11:20:08+00:00,Tesla V100-DGXS-32GB,0,300,False,,resnet18,16,fp32,300.0,8192,2.3430553413927555,252.72061826021815,592.1383944946837,592.4510000944138,3496.289590467173,0.07228251885921431,257.384,94.05128205128206,57.376068376068375,1530.0,877.0,117
2026-10-01T11:20:12+00:00,Tesla V100-DGXS-32GB,0,300,False,,distilbert,128,fp32,300.0,4096,3.812231592833996,290.1309009320617,1106.0461865905959,1110.3090000152588,1074.436298072608,0.2700308072730947,298.493,99.78947368421052,31.757894736842104,1500.2315789473685,877.0,190
2026-10-01T11:20:19+00:00,Tesla V100-DGXS-32GB,0,300,False,,resnet18,16,fp16,300.0,8192,1.9144876971840858,174.948572236025,334.9368891857912,335.6799999475479,4278.951498120965,0.0408858507306874,180.366,66.94736842105263,27.13684210526316,1528.421052631579,877.0,95
2026-10-01T11:20:23+00:00,Tesla V100-DGXS-32GB,0,300,False,,distilbert,64,fp16,300.0,4096,1.0183184146881104,270.94816073045024,275.9115014976914,276.90699994564056,4022.3175196674797,0.06736120642033482,283.601,90.68,49.62,1500.2,877.0,50
2026-10-01T11:20:26+00:00,Tesla V100-DGXS-32GB,0,300,False,,resnet18,32,fp16,300.0,8192,1.1759099923074245,233.68051526742263,274.78725291050995,276.77300000190735,6966.51959213756,0.033543365833802484,239.546,89.36206896551724,45.98275862068966,1530.0,877.0,58
2026-10-01T11:20:29+00:00,Tesla V100-DGXS-32GB,0,300,False,,distilbert,64,fp32,300.0,4096,4.034566972404718,286.5443566067086,1156.0823972943863,1153.0720000267029,1015.226671911872,0.2822466790269498,295.994,99.91044776119404,29.955223880597014,1500.915422885572,877.0,201
2026-10-01T11:20:35+00:00,Tesla V100-DGXS-32GB,0,300,False,,resnet18,128,fp16,300.0,8192,0.9861575029790401,253.88522463977841,250.37081917403657,249.5590000152588,8306.989477089759,0.030562844137455636,259.83,90.36734693877551,59.673469387755105,1529.0204081632653,877.0,49
2026-10-01T11:20:38+00:00,Tesla V100-DGXS-32GB,0,300,False,,distilbert,256,fp16,300.0,4096,0.9443548135459423,277.88823253571024,262.4250900228721,266.1430000066757,4337.352805583737,0.06406862549386526,290.812,98.80851063829788,55.0,1473.7021276595744,877.0,47
2026-10-01T11:20:42+00:00,Tesla V100-DGXS-32GB,0,300,False,,distilbert,16,fp16,300.0,4096,1.580854568630457,210.9020367429819,333.40544831861143,333.84300005435944,2591.0036769217113,0.081397814530911,215.911,71.0,28.82051282051282,1529.076923076923,877.0,78
2026-10-01T11:20:45+00:00,Tesla V100-DGXS-32GB,0,300,False,,distilbert,32,fp32,300.0,4096,4.158051811158657,288.1300228326591,1198.0595632885233,1199.986999988556,985.0767104459513,0.29249501056848715,292.853,99.21256038647343,29.73913043478261,1528.4444444444443,877.0,207
2026-10-01T11:20:52+00:00,Tesla V100-DGXS-32GB,0,300,False,,resnet18,128,fp32,300.0,8192,1.9692949503660202,262.44427954496933,516.8301944603563,514.9420000314713,4159.864421770546,0.06308962334721147,276.072,98.26530612244898,80.60204081632654,1530.0,877.0,98
2026-10-01T11:20:56+00:00,Tesla V100-DGXS-32GB,0,300,False,,resnet18,8,fp16,300.0,8192,3.817349262535572,126.51032169278396,482.9340832170868,481.402999997139,2145.9917436422056,0.058951914455210794,128.565,44.44210526315789,12.621052631578948,1530.0,877.0,190
2026-10-01T11:21:02+00:00,Tesla V100-DGXS-32GB,0,300,False,,distilbert,8,fp16,300.0,4096,3.177391730248928,147.07291513394676,467.3082642902049,470.0169999599457,1289.1076542454225,0.1140889317114758,150.081,43.29113924050633,12.556962025316455,1530.0,877.0,158
2026-10-01T11:21:07+00:00,Tesla V100-DGXS-32GB,0,300,False,,distilbert,8,fp32,300.0,4096,4.766499321907759,283.13413492830915,1349.5586621447255,1352.9380000829697,859.3308680804771,0.32948209525017713,287.61,97.66386554621849,35.97899159663866,1524.361344537815,877.0,238
2026-10-01T11:21:14+00:00,Tesla V100-DGXS-32GB,1,300,False,,distilbert,32,fp32,300.0,4096,4.158687099814415,287.25237541265557,1194.592748019658,1196.4930000305176,984.9262283240274,0.29164862012198683,296.201,99.53623188405797,29.845410628019323,1527.9565217391305,877.0,207
2026-10-01T11:21:20+00:00,Tesla V100-DGXS-32GB,1,300,False,,resnet18,8,fp16,300.0,8192,3.8128374330699444,126.69139269869846,483.05368452936176,484.16999995708466,2148.531151354158,0.058966514224775606,128.945,44.536842105263155,12.636842105263158,1530.0,877.0,190
2026-10-01T11:21:26+00:00,Tesla V100-DGXS-32GB,1,300,False,,distilbert,256,fp32,300.0,4096,3.7948944345116615,287.9038955045015,1092.5648907242598,1092.9910000562668,1079.3449121403783,0.2667394752744775,299.867,99.83068783068784,32.851851851851855,1481.931216931217,877.0,189
2026-10-01T11:21:33+00:00,Tesla V100-DGXS-32GB,1,300,False,,distilbert,16,fp32,300.0,4096,4.291648652404547,287.3794260011405,1233.3315263265868,1231.8289999961853,954.4117731317713,0.30110632966957684,293.674,97.92523364485982,36.373831775700936,1502.5607476635514,877.0,214
2026-10-01T11:21:39+00:00,Tesla V100-DGXS-32GB,1,300,False,,resnet18,64,fp32,300.0,8192,2.0674647726118565,257.17288747225217,531.6958853197543,532.6990000009537,3962.3407898026408,0.06490428287594657,264.784,96.15533980582525,77.3883495145631,1529.9223300970873,877.0,103
2026-10-01T11:21:43+00:00,Tesla V100-DGXS-32GB,1,300,False,,distilbert,8,fp32,300.0,4096,4.769061874598265,283.677307394767,1352.8746313850759,1353.3899999856949,858.8691251452966,0.33029165805299704,287.988,97.78151260504201,36.054621848739494,1521.8361344537816,877.0,238
2026-10-01T11:21:50+00:00,Tesla V100-DGXS-32GB,1,300,False,,resnet18,8,fp32,300.0,8192,3.328073799610138,227.51347789309858,757.1816448342017,756.0759999752045,2461.483877238431,0.09242940000417502,234.417,87.07228915662651,38.31325301204819,1530.0,877.0,166
2026-10-01T11:21:56+00:00,Tesla V100-DGXS-32GB,1,300,False,,resnet18,32,fp32,300.0,8192,2.1347181759774685,260.60040599908336,556.3084233533509,557.1729999780655,3837.508900325429,0.06790874308512584,263.834,94.56603773584905,63.37735849056604,1530.0,877.0,106
2026-10-01T11:22:00+00:00,Tesla V100-DGXS-32GB,1,300,False,,distilbert,64,fp16,300.0,4096,1.012407187372446,277.6194791274575,281.0639560232328,287.3829998970032,4045.802964546869,0.06861912988848456,288.082,91.16326530612245,50.06122448979592,1515.3877551020407,877.0,49
2026-10-01T11:22:03+00:00,Tesla V100-DGXS-32GB,1,300,False,,resnet18,64,fp16,300.0,8192,1.0514527410268784,248.38449057646432,261.16455344518823,259.31700003147125,7791.125250193805,0.03188043865297708,252.212,88.84615384615384,53.46153846153846,1530.0,877.0,52
2026-10-01T11:22:06+00:00,Tesla V100-DGXS-32GB,1,300,False,,resnet18,128,fp32,300.0,8192,1.977386113256216,261.83168257014694,517.7423331247181,519.2669999599457,4142.842889955371,0.06320096839901344,274.31,97.86734693877551,80.09183673469387,1530.0,877.0,98
2026-10-01T11:22:10+00:00,Tesla V100-DGXS-32GB,1,300,False,,distilbert,64,fp32,300.0,4096,4.036239992827177,285.84539843824393,1153.7406289420592,1157.4349999427795,1014.8058607216178,0.2816749582378074,296.194,99.64179104477611,29.920398009950247,1502.407960199005,877.0,201
2026-10-01T11:22:17+00:00,Tesla V100-DGXS-32GB,1,300,False,,distilbert,128,fp32,300.0,4096,3.8122845143079758,290.48092369308904,1107.3959270970402,1111.164999961853,1074.42138293383,0.2703603337639258,301.874,99.53684210526316,31.58421052631579,1500.8,877.0,190
2026-10-01T11:22:23+00:00,Tesla V100-DGXS-32GB,1,300,False,,resnet18,128,fp16,300.0,8192,0.9864100590348244,253.91049960607023,250.4598709059855,249.70899999141693,8304.862592353986,0.030573714710203308,261.493,92.16326530612245,61.02040816326531,1528.4489795918366,877.0,49
2026-10-01T11:22:26+00:00,Tesla V100-DGXS-32GB,1,300,False,,resnet18,32,fp16,300.0,8192,1.1762835755944252,234.4950685125301,275.8326976491786,276.73600006103516,6964.307051435484,0.03367098359975325,239.423,89.3103448275862,45.827586206896555,1530.0,877.0,58
2026-10-01T11:22:29+00:00,Tesla V100-DGXS-32GB,1,300,False,,distilbert,8,fp16,300.0,4096,3.1691427677869797,148.44428236821412,470.441123886554,469.2259999513626,1292.463072864416,0.11485379001136573,151.433,43.177215189873415,12.512658227848101,1530.0,877.0,158
2026-10-01T11:22:35+00:00,Tesla V100-DGXS-32GB,1,300,False,,resnet18,256,fp16,300.0,8192,0.9307485222816467,261.8951468740713,243.7585209457767,245.3769999742508,8801.518137163457,0.029755678826388757,266.994,97.58695652173913,66.73913043478261,1530.0,877.0,46
2026-10-01T11:22:38+00:00,Tesla V100-DGXS-32GB,1,300,False,,resnet18,16,fp16,300.0,8192,1.9092176631093025,176.0015327137691,336.02523499143774,337.12399995326996,4290.762734018876,0.04101870544329074,180.176,66.88421052631578,27.50526315789474,1530.0,877.0,95
2026-10-01T11:22:42+00:00,Tesla V100-DGXS-32GB,1,300,False,,distilbert,32,fp16,300.0,4096,1.1019740924239159,268.7552719083253,296.1613468453195,296.25600004196167,3716.965787272174,0.07230501631965808,272.62,89.55555555555556,45.648148148148145,1530.0,877.0,54
2026-10-01T11:22:45+00:00,Tesla V100-DGXS-32GB,1,300,False,,distilbert,16,fp16,300.0,4096,1.5832017697393894,212.40935794909845,336.2868714142201,337.77300000190735,2587.1623429742895,0.08210128696636233,216.868,70.33333333333333,28.576923076923077,1530.0,877.0,78
2026-10-01T11:22:49+00:00,Tesla V100-DGXS-32GB,1,300,False,,resnet18,256,fp32,300.0,8192,1.898104004561901,268.9571108701421,510.508569198016,511.8329999446869,4315.885736667409,0.06231794057592969,286.841,99.45744680851064,80.37234042553192,1528.9893617021276,877.0,94
2026-10-01T11:22:53+00:00,Tesla V100-DGXS-32GB,1,300,False,,distilbert,128,fp16,300.0,4096,0.963371992111206,278.1280835089135,267.9408058720539,268.4079999923706,4251.732491229807,0.0654152358086069,288.332,96.125,53.791666666666664,1476.7708333333333,877.0,48
2026-10-01T11:22:56+00:00,Tesla V100-DGXS-32GB,1,300,False,,resnet18,16,fp32,300.0,8192,2.3609957955777645,250.46774728051597,591.3532982571322,592.2819999456406,3469.7224007530763,0.07218668191615384,257.478,94.5982905982906,57.717948717948715,1528.974358974359,877.0,117
2026-10-01T11:23:00+00:00,Tesla V100-DGXS-32GB,1,300,False,,distilbert,256,fp16,300.0,4096,0.9427856840193272,279.4643041588185,263.474945155357,266.87199997901917,4344.571697925816,0.06432493778206957,288.66,98.43478260869566,54.82608695652174,1482.7608695652175,877.0,46
2026-10-01T11:23:04+00:00,Tesla V100-DGXS-32GB,2,300,False,,distilbert,32,fp32,300.0,4096,4.155122954398394,288.7342468823989,1199.7262969419885,1196.0390000343323,985.7710698221796,0.29290192796435266,294.33,99.1159420289855,29.768115942028984,1529.2028985507247,877.0,207
2026-10-01T11:23:10+00:00,Tesla V100-DGXS-32GB,2,300,False,,distilbert,8,fp32,300.0,4096,4.765290129929781,283.7954258599693,1352.3675417697307,1353.823000073433,859.548923217474,0.33016785687737565,287.949,97.72151898734177,36.0548523206751,1526.8776371308018,877.0,237
2026-10-01T11:23:17+00:00,Tesla V100-DGXS-32GB,2,300,False,,resnet18,32,fp16,300.0,8192,1.1762600280344486,235.18031256583495,276.6332010518394,278.08700001239777,6964.446469960369,0.03376870130027337,240.483,88.13793103448276,45.5,1530.0,877.0,58
2026-10-01T11:23:20+00:00,Tesla V100-DGXS-32GB,2,300,False,,distilbert,256,fp16,300.0,4096,0.9435437545180321,280.70515687592,264.85759763127874,265.33199989795685,4341.081142646386,0.06466249942169891,290.429,99.6086956521739,55.45652173913044,1478.2391304347825,877.0,46
2026-10-01T11:23:23+00:00,Tesla V100-DGXS-32GB,2,300,False,,resnet18,128,fp32,300.0,8192,1.977906346321106,259.396611958955,513.0622050078105,513.7480000257492,4141.753230751836,0.06262966369724249,273.926,96.9795918367347,79.45918367346938,1529.7551020408164,877.0,98
2026-10-01T11:23:27+00:00,Tesla V100-DGXS-32GB,2,300,False,,resnet18,32,fp32,300.0,8192,2.135172989219427,260.0150333705007,555.177076043681,552.0429999828339,3836.6914724763437,0.06777063916548841,264.299,94.60377358490567,63.367924528301884,1530.0,877.0,106
2026-10-01T11:23:32+00:00,Tesla V100-DGXS-32GB,2,300,False,,resnet18,64,fp32,300.0,8192,2.066645834594965,257.3339091876686,531.8180515227343,531.3559999465942,3963.910924101576,0.06491919574252128,264.037,95.96116504854369,77.16504854368932,1530.0,877.0,103
2026-10-01T11:23:36+00:00,Tesla V100-DGXS-32GB,2,300,False,,resnet18,16,fp32,300.0,8192,2.342287540435791,253.0303130954112,592.6697497159488,594.3159999847412,3497.4356728533207,0.07234738155712266,257.384,94.13793103448276,57.6551724137931,1530.0,877.0,116
2026-10-01T11:23:40+00:00,Tesla V100-DGXS-32GB,2,300,False,,distilbert,64,fp32,300.0,4096,4.054747760295868,281.4627559098351,1141.2604791321064,1140.669000029564,1010.1738115766594,0.2786280466631119,295.768,99.68811881188118,29.89108910891089,1482.59900990099,877.0,202
2026-10-01T11:23:46+00:00,Tesla V100-DGXS-32GB,2,300,False,,distilbert,16,fp32,300.0,4096,4.296017773449421,286.0515706025535,1228.8826314316918,1229.5590000152588,953.441120591822,0.3000201736893779,292.663,97.9766355140187,36.742990654205606,1504.214953271028,877.0,214
2026-10-01T11:23:53+00:00,Tesla V100-DGXS-32GB,2,300,False,,resnet18,128,fp16,300.0,8192,0.9854345358908176,256.81275690050325,253.0721599070888,252.3619999885559,8313.083925554281,0.0308925976449083,259.952,92.83673469387755,61.40816326530612,1530.0,877.0,49
2026-10-01T11:23:56+00:00,Tesla V100-DGXS-32GB,2,300,False,,resnet18,16,fp16,300.0,8192,1.9083034172654152,176.98068323406915,337.73284260554215,336.8939999341965,4292.818388251421,0.041227153638371844,179.985,66.94736842105263,27.326315789473686,1530.0,877.0,95
2026-10-01T11:24:00+00:00,Tesla V100-DGXS-32GB,2,300,False,,resnet18,8,fp16,300.0,8192,3.8068337477743626,127.28243386856447,484.54306474970974,483.8180000782013,2151.919559079614,0.0591483233337048,129.235,44.473684210526315,12.626315789473685,1530.0,877.0,190
2026-10-01T11:24:06+00:00,Tesla V100-DGXS-32GB,2,300,False,,distilbert,8,fp16,300.0,4096,3.1706914640963078,148.62735779343177,471.25149468682196,471.83000004291534,1291.8317806641014,0.11505163444502489,150.946,43.28481012658228,12.550632911392405,1530.0,877.0,158
2026-10-01T11:24:11+00:00,Tesla V100-DGXS-32GB,2,300,False,,resnet18,256,fp16,300.0,8192,0.930479358881712,263.4406347849288,245.12607295807177,246.97900009155273,8804.064186706388,0.02992261632788962,269.182,95.22727272727273,65.22727272727273,1530.0,877.0,44
2026-10-01T11:24:14+00:00,Tesla V100-DGXS-32GB,2,300,False,,distilbert,32,fp16,300.0,4096,1.1003853380680084,268.5533742483007,295.51219551152076,297.0609999895096,3722.332403293845,0.07214653210730487,273.342,89.33333333333333,45.592592592592595,1530.0,877.0,54
2026-10-01T11:24:17+00:00,Tesla V100-DGXS-32GB,2,300,False,,resnet18,64,fp16,300.0,8192,1.0518787689507008,248.31524169591984,261.1975307467999,259.32799994945526,7787.9697183848575,0.03188446420249022,251.978,89.71153846153847,54.0,1530.0,877.0,52
2026-10-01T11:24:20+00:00,Tesla V100-DGXS-32GB,2,300,False,,resnet18,256,fp32,300.0,8192,1.8977675437927246,268.6621661760854,509.85833921402246,509.8089998960495,4316.650912697206,0.06223856679858673,289.083,99.82978723404256,80.45744680851064,1530.0,877.0,94
2026-10-01T11:24:25+00:00,Tesla V100-DGXS-32GB,2,300,False,,distilbert,16,fp16,300.0,4096,1.588428057730198,212.79517760464609,338.0098306569005,338.4630000591278,2578.64999303338,0.08252193131271984,216.2,69.9620253164557,28.60759493670886,1530.0,877.0,79
2026-10-01T11:24:28+00:00,Tesla V100-DGXS-32GB,2,300,False,,distilbert,64,fp16,300.0,4096,1.012642577290535,277.71469821586487,281.22572775277655,282.93099999427795,4044.8625130491882,0.06865862493964271,288.661,90.84,49.92,1512.56,877.0,50
2026-10-01T11:24:31+00:00,Tesla V100-DGXS-32GB,2,300,False,,resnet18,8,fp32,300.0,8192,3.3248635418713093,228.16155138956347,758.6060238719567,758.6109999418259,2463.860515427155,0.09260327439843222,235.399,87.33734939759036,38.30722891566265,1530.0,877.0,166
2026-10-01T11:24:37+00:00,Tesla V100-DGXS-32GB,2,300,False,,distilbert,128,fp32,300.0,4096,3.8114536069333553,290.3586914822376,1106.6886819544238,1110.0110000371933,1074.6556097518885,0.27018766649277925,300.502,99.90526315789474,31.75263157894737,1504.0842105263157,877.0,190
2026-10-01T11:24:43+00:00,Tesla V100-DGXS-32GB,2,300,False,,distilbert,128,fp16,300.0,4096,0.9636410400271416,278.38401120309237,268.2622580826754,269.8289999961853,4250.545410441043,0.06549371535221567,286.369,94.95744680851064,53.297872340425535,1475.872340425532,877.0,47
2026-10-01T11:24:46+00:00,Tesla V100-DGXS-32GB,2,300,False,,distilbert,256,fp32,300.0,4096,3.796024028211832,288.2765590832815,1094.3047450503643,1094.9950000047684,1079.0237283954907,0.2671642443970616,300.926,99.9047619047619,32.74074074074074,1477.7037037037037,877.0,189
